"location","month","rain","pressure","temp","speed"
"Lund","1972-12",22.6,1023.4,3.5,6.08
"Lund","1973-01",42.4,1022,0.6,4.18
"Lund","1973-02",59.8,1005.6,1.8,5.88
"Lund","1973-03",39,1020.1,4.6,4.69
"Lund","1973-04",72.1,1009.2,5,5.7
"Lund","1973-05",55.1,1016.2,11.4,4.72
"Lund","1973-06",20.4,1018.5,16.3,4.52
"Lund","1973-07",85.1,1011.5,18.3,3.79
"Lund","1973-08",20.7,1018.6,16.8,4.11
"Lund","1973-09",85.7,1014.7,12.7,5.29
"Lund","1973-10",25.7,1016.7,6.7,4.38
"Lund","1973-11",82,1007.6,2.8,7.22
"Lund","1973-12",53.5,1005.9,0.5,6.76
"Lund","1974-01",78.2,1016.1,2.1,6.13
"Lund","1974-02",40.1,1010.9,2.5,5.13
"Lund","1974-03",16.1,1021.5,3.3,7.03
"Lund","1974-04",2.5,1018.5,7.7,4.84
"Lund","1974-06",42.1,1011.8,14.6,4.62
"Lund","1974-07",64,1008.7,15.2,6.17
"Lund","1974-08",83.1,1016.3,16.5,3.8
"Lund","1974-09",65.1,1010.6,13.6,5.1
"Lund","1974-10",103,1005.3,6.6,4.94
"Lund","1974-12",110.2,1006.9,4.1,7.13
"Lund","1975-01",67.3,1008.6,4.2,7.83
"Lund","1975-02",12.3,1026.6,1.2,3.96
"Lund","1975-03",39.3,1010.7,2.8,5.15
"Lund","1975-04",55.5,1013,5.4,6.16
"Lund","1975-05",29.1,1016.8,11.3,5.68
"Lund","1975-06",13.6,1018.3,15,4.38
"Lund","1975-07",44.3,1014.7,18.5,4.54
"Lund","1975-08",25.7,1018.3,20,3.95
"Lund","1975-09",66.8,1014.4,15.2,5.17
"Lund","1975-10",44.9,1021.7,8.7,4.99
"Lund","1975-11",55.6,1016.8,4.1,5
"Lund","1975-12",33.9,1014.1,3.3,7.62
"Lund","1976-01",61.8,1007.8,-0.7,6.69
"Lund","1976-02",20.4,1023.7,-0.3,5.41
"Lund","1976-03",22,1020,-0.8,5.14
"Lund","1976-04",27.9,1017.2,5.5,4.67
"Lund","1976-05",54.3,1016,11.2,4.62
"Lund","1976-06",24.1,1017.5,15.5,5.13
"Lund","1976-07",52.6,1014.9,18.3,4.14
"Lund","1976-08",24,1019.7,17.4,3.64
"Lund","1976-09",44.4,1015.1,12.5,4.25
"Lund","1976-10",72.9,1012.6,8.4,5.46
"Lund","1976-11",45.6,1014.3,4.8,5.1
"Lund","1976-12",65.7,1006.9,-0.6,6.26
"Lund","1977-01",98.5,1011.5,-0.4,5.06
"Lund","1977-02",52.6,1008.5,0.1,5.74
"Lund","1977-03",55.1,1017.4,3.3,5.31
"Lund","1977-04",58.3,1007.9,4.5,6.37
"Lund","1977-05",28.6,1018.4,11.7,5
"Lund","1977-06",43.5,1012.7,16,4.85
"Lund","1977-07",88,1010.8,16.2,5.49
"Lund","1977-08",17.1,1015.8,15.7,4.48
"Lund","1977-09",32.1,1019.3,12,5.29
"Lund","1977-10",38.9,1016.9,10,4.99
"Lund","1977-11",82.5,1001,5.3,6.93
"Lund","1977-12",66.6,1018,2.3,5.82
"Lund","1978-01",61.7,1009.1,0.9,5.7
"Lund","1978-02",27.9,1012.3,-2.2,5.22
"Lund","1978-03",80.4,1007.2,2.2,6.13
"Lund","1978-04",10.3,1015.6,4.8,5.94
"Lund","1978-05",12.7,1018.3,11.6,5.67
"Lund","1978-06",63.8,1011.7,15.7,4.37
"Lund","1978-07",68.9,1012.6,15.5,4.38
"Lund","1978-08",34.9,1013.4,16.3,4.68
"Lund","1978-09",121.7,1007.6,11.4,6.36
"Lund","1978-10",44.7,1017.6,9.4,5.01
"Lund","1978-11",39.8,1019.7,7.1,6.89
"Lund","1978-12",80.9,1012.3,-1.3,6.26
"Lund","1979-01",45.3,1012.7,-4,5.98
"Lund","1979-03",93.1,1006,1.1,7.09
"Lund","1979-04",25.6,1012.8,5,6.2
"Lund","1979-06",27.5,1016.8,16.4,5.14
"Lund","1979-07",43.3,1012.1,14.7,5.55
"Lund","1979-08",86.5,1011.8,15.9,4.93
"Lund","1979-09",36.2,1016,12.7,4.98
"Lund","1979-10",14.8,1019.1,7.6,5.28
"Lund","1979-11",104.6,1009.5,4.4,6.42
"Lund","1979-12",106.3,1006.8,1.8,6.68
"Lund","1980-01",41.5,1016.6,-2.4,4.94
"Lund","1980-02",34.8,1021.5,-1.8,5.65
"Lund","1980-03",19.7,1014.1,0,7
"Lund","1980-04",25.9,1015.1,6.2,4.68
"Lund","1980-05",21,1017.4,10.1,4.68
"Lund","1980-06",72.6,1009.5,15.4,4.93
"Lund","1980-07",126.9,1010.4,16.5,4.3
"Lund","1980-08",85,1012.2,15.7,4.88
"Lund","1980-09",34.6,1016.5,13.7,4.74
"Lund","1980-10",124.6,1007,7.8,5.91
"Lund","1980-11",98.6,1013,3,6.48
"Lund","1980-12",99.6,1007.8,1.3,7.77
"Lund","1981-01",66.1,1012,-1.7,5.93
"Lund","1981-02",56,1017.7,0.4,6.32
"Lund","1981-03",82.5,1006.8,2.5,6.47
"Lund","1981-04",15.8,1018.5,6,5.29
"Lund","1981-05",25.8,1012.9,12.9,5.89
"Lund","1981-06",75.8,1013.2,14.6,4.85
"Lund","1981-07",85.1,1012.5,16.5,4.93
"Lund","1981-08",83.9,1015.4,16.2,4.39
"Lund","1981-09",47.7,1016.7,13.6,3.97
"Lund","1981-10",127.9,1006,8.1,5.53
"Lund","1981-11",115.9,1012.6,4.3,7.34
"Lund","1981-12",53.1,1000.5,-3.9,5.17
"Lund","1982-01",55.2,1015.6,-3.8,5
"Lund","1982-02",19,1024.1,-1.4,4.49
"Lund","1982-03",54.4,1013.7,3.5,5.6
"Lund","1982-04",26.3,1013.2,6.9,5.56
"Lund","1982-05",36.8,1017.5,11.4,5.1
"Lund","1982-06",63,1012.5,14.8,4.09
"Lund","1982-07",25.1,1017.9,18.7,4.18
"Lund","1982-08",119.4,1012.2,17.9,5.33
"Lund","1982-09",19.7,1016.9,14.2,5.03
"Lund","1982-10",87.1,1013,10.2,5.05
"Lund","1982-11",48.8,1011.7,6.4,6.74
"Lund","1982-12",80.7,1007.7,2.6,6.47
"Lund","1983-01",67.1,1009,4.1,8.99
"Lund","1983-02",24.2,1018.1,-1,5.25
"Lund","1983-03",89.2,1010.6,3.6,6.24
"Lund","1983-04",71.2,1008.1,6.5,5.59
"Lund","1983-05",95,1010.2,11.2,5.34
"Lund","1983-06",44.5,1017.9,15.1,4.56
"Lund","1983-07",9.7,1016.6,18.6,4.7
"Lund","1983-08",23.8,1017.5,18.1,4.26
"Lund","1983-09",81,1011,13.8,6.15
"Lund","1983-10",59.2,1012.7,9.2,7.5
"Lund","1983-11",66.9,1014.5,3.4,5.32
"Lund","1983-12",67.7,1012.1,1.1,6.41
"Lund","1984-01",91.9,1003.3,1,7.66
"Lund","1984-02",29.7,1021.7,0,5.66
"Lund","1984-03",9.9,1019.2,0.9,5.91
"Lund","1984-04",19.7,1020.2,7.2,4.46
"Lund","1984-05",40,1010.4,12.1,5.46
"Lund","1984-06",108.2,1010.6,14.2,5.62
"Lund","1984-07",45.8,1013.4,16.4,5.01
"Lund","1984-08",49.9,1016.9,17.7,3.81
"Lund","1984-09",110.7,1007.4,11.9,4.56
"Lund","1984-10",97.5,1011.1,10.8,6.66
"Lund","1984-11",45.3,1013.1,5.8,6.68
"Lund","1984-12",43.9,1021.6,2.1,5.17
"Lund","1985-01",54.4,1012.1,-5.5,6.07
"Lund","1985-02",21.7,1022.5,-6.4,4.52
"Lund","1985-03",56.2,1013.9,0.9,5.31
"Lund","1985-04",44.9,1008,4.7,5.94
"Lund","1985-05",17.5,1014.2,12.5,5.69
"Lund","1985-06",67.5,1010,14.5,3.97
"Lund","1985-07",56.9,1014.4,17,4.71
"Lund","1985-08",98.4,1012.9,16.2,4.69
"Lund","1985-09",74,1013.8,12,5.72
"Lund","1985-10",17.2,1022.6,9.9,4.43
"Lund","1985-11",81.3,1011.5,1.9,5.61
"Lund","1985-12",146.8,1009.8,2.2,5.66
"Lund","1986-01",80,1003.1,-1.6,6.51
"Lund","1986-02",5.6,1024,-5.7,5.46
"Lund","1986-04",31.7,1012.4,4.7,5.44
"Lund","1986-05",51.1,1016.9,12.6,5.41
"Lund","1986-06",17.7,1016.8,15.3,4.92
"Lund","1986-07",94.1,1013.1,17.3,4.52
"Lund","1986-08",36.9,1012.5,15.6,4.42
"Lund","1986-09",41.9,1016,11,5.63
"Lund","1986-10",79.1,1014.2,9,5.31
"Lund","1986-11",59.7,1015.3,6.8,6.57
"Lund","1986-12",87,1009.5,1.7,6.42
"Lund","1987-01",31.9,1020.1,-6.6,5.9
"Lund","1987-02",30.2,1013.8,-1.3,4.86
"Lund","1987-03",34.3,1017.6,-1.8,5.29
"Lund","1987-04",51.6,1017.8,6.2,5.23
"Lund","1987-05",42.8,1012.8,9.9,4.85
"Lund","1987-06",87.2,1010.6,12.8,4.75
"Lund","1987-07",88.6,1013.4,15.5,5.14
"Lund","1987-08",71.5,1010.5,14.8,4.68
"Lund","1987-09",76.5,1013.1,12.6,5.01
"Lund","1987-10",21.1,1018.7,9.6,5.4
"Lund","1987-11",77.3,1013.1,5.1,4.3
"Lund","1987-12",52.6,1016.7,2.5,5.49
"Lund","1988-01",103.8,1006.6,3.2,5.58
"Lund","1988-02",53,1006.4,2,6.71
"Lund","1988-03",46.4,1006.3,1.3,5.64
"Lund","1988-04",26.4,1016.2,6,5.04
"Lund","1988-05",22.6,1017.2,13.1,5.12
"Lund","1988-06",32.1,1012.9,17.1,4.07
"Lund","1988-07",105.3,1011.6,17.5,4.62
"Lund","1988-08",47.4,1011,16.3,4.82
"Lund","1988-09",65,1012.7,13.8,5.57
"Lund","1988-10",73.7,1017.2,8.2,5.83
"Lund","1988-11",52.3,1017.1,2.5,5.07
"Lund","1988-12",64.9,1012.6,2.5,7.02
"Lund","1989-01",9.8,1023,4.2,6.84
"Lund","1989-02",26,1010.8,4.3,7.61
"Lund","1989-03",54.1,1009.7,5.6,6.17
"Lund","1989-04",23.5,1012.1,7,5.59
"Lund","1989-05",7.8,1020.3,13.1,4.86
"Lund","1989-06",54.8,1016.9,16.1,3.78
"Lund","1989-07",60.4,1016.6,18.3,4.58
"Lund","1989-08",114.9,1010.5,16.2,5.13
"Lund","1989-09",8.9,1018.2,14.4,4.01
"Lund","1989-10",80.1,1012.2,10,5.47
"Lund","1989-11",36.6,1016.2,4.1,4.17
"Lund","1989-12",49.4,1011.2,1.9,5.49
"Lund","1990-01",48.1,1013.4,3.8,7.38
"Lund","1990-02",41.1,1003.7,5.4,7.74
"Lund","1990-03",37.9,1017.2,6,7.43
"Lund","1990-04",25.9,1014.4,8.4,5.65
"Lund","1990-05",40.7,1019.2,13.4,3.99
"Lund","1990-06",45.4,1011.7,16.4,4.34
"Lund","1990-07",72.7,1014.1,16.7,5.4
"Lund","1990-08",35.3,1015.9,17.9,4.4
"Lund","1990-09",123.2,1010.2,12.1,5.18
"Lund","1990-10",63,1012.8,9.8,5.13
"Lund","1990-11",59.4,1010.1,4.2,4.61
"Lund","1990-12",37.2,1014.6,2,5.82
"Lund","1991-01",52.1,1020.2,1.9,6.09
"Lund","1991-02",31.3,1019.8,-1.1,5.74
"Lund","1991-03",18.5,1016.9,4.4,4.96
"Lund","1991-04",54.4,1016.4,6.8,4.91
"Lund","1991-05",53.8,1016.2,9.9,4.98
"Lund","1991-06",135.7,1008.9,12.4,5.14
"Lund","1991-07",43.5,1016.4,18.3,3.99
"Lund","1991-08",42.3,1015.7,17.7,4.38
"Lund","1991-09",46.7,1013.1,14,4.35
"Lund","1991-10",40.6,1016,9,4.74
"Lund","1991-11",85.4,1010.1,5,5.48
"Lund","1991-12",57.5,1020.1,2.6,5.49
"Lund","1992-01",29,1020.4,2,6.85
"Lund","1992-02",33.7,1016.3,2.8,5.79
"Lund","1992-03",61.2,1009.6,4.1,5.6
"Lund","1992-04",31.4,1009.1,6.3,5.35
"Lund","1992-05",11.2,1020.5,13.8,5.23
"Lund","1992-06",0.2,1017.3,18.3,4.94
"Lund","1992-07",65.2,1014.9,18.9,4.87
"Lund","1992-08",107.9,1010.9,17.4,4.87
"Lund","1992-09",42.1,1017.5,13.3,4.4
"Lund","1992-10",62.4,1008.2,6.1,4.61
"Lund","1992-11",123.2,1007,4.7,6.14
"Lund","1992-12",52.6,1018.5,2.5,4.94
"Lund","1993-01",64.1,1013.5,1.6,7.93
"Lund","1993-02",26.6,1023.9,0.9,5.14
"Lund","1993-03",13.1,1019.8,2.7,5.02
"Lund","1993-04",7.5,1015,7.9,5.25
"Lund","1993-05",17.3,1016.2,14.3,5
"Lund","1993-06",28.1,1012.8,14.8,4.82
"Lund","1993-07",135.3,1010.2,15.3,5.06
"Lund","1993-08",44.8,1014.9,14.8,4.48
"Lund","1993-09",95.8,1013,11,5.05
"Lund","1993-10",73.5,1016.5,7.1,4.52
"Lund","1993-11",51.5,1025.3,2.5,4.66
"Lund","1993-12",94.4,1000.5,2.5,6.58
"Lund","1994-01",92.3,1004.8,2.6,6.22
"Lund","1994-02",41.9,1020.2,-1.1,5.44
"Lund","1994-03",65.1,1008.4,3.5,6.68
"Lund","1994-04",50.9,1011.4,8.4,5.03
"Lund","1994-05",33.6,1015.1,11.2,5.08
"Lund","1994-06",59,1013.6,14.2,5.66
"Lund","1994-07",0.3,1019.4,20.7,3.54
"Lund","1994-08",73.4,1012.1,18.1,4.37
"Lund","1994-09",143.8,1010.2,13.5,5.14
"Lund","1994-10",48.1,1014.8,8.1,5.09
"Lund","1994-11",53.2,1016.4,6.3,6.01
"Lund","1994-12",112.7,1012.8,4.1,5.89
"Lund","1995-01",99,1009.2,0.1,5.97
"Lund","1995-02",52.4,1003.2,3.7,7.1
"Lund","1995-03",23.8,1007.8,3.1,6.87
"Lund","1995-04",63.4,1012.7,6.6,6.09
"Lund","1995-05",51.9,1015.1,10.8,5.2
"Lund","1995-06",65.4,1014,15.3,4.52
"Lund","1995-07",22.3,1015.5,18.7,4.57
"Lund","1995-08",13.3,1015.4,19.2,3.94
"Lund","1995-09",103.4,1009.5,13.5,5.12
"Lund","1995-10",45.9,1019.4,11.5,4.33
"Lund","1995-11",29.2,1015.9,2.9,4.75
"Lund","1995-12",31.5,1022,-2.2,4.01
"Lund","2008-01",60.1,1011.5,3.2,6.45
"Lund","2008-02",20.5,1018.9,4.1,5.82
"Lund","2008-03",69.5,999.6,3.4,5.37
"Lund","2008-04",38.9,1012.5,7.9,3.5
"Lund","2008-05",35.8,1019.3,12.8,3.14
"Lund","2008-06",23,1014,16,4.35
"Lund","2008-07",52.3,1013.9,18.8,3.79
"Lund","2008-08",136.4,1009.4,17.3,4.43
"Lund","2008-09",19.8,1019.4,13.3,3.44
"Lund","2008-10",84.6,1010.9,9.4,4.98
"Lund","2008-11",60,1009.4,5.5,5.15
"Lund","2008-12",65.8,1017.1,2.1,3.41
"Lund","2009-01",23.4,1014.2,0,3.92
"Lund","2009-02",43.7,1011.8,-0.4,3.93
"Lund","2009-03",35.6,1010.9,3.2,4.32
"Lund","2009-04",13.1,1018.4,10,3.55
"Lund","2009-05",53.8,1018.5,12.3,4.14
"Lund","2009-06",67.7,1010.4,14.6,4.45
"Lund","2009-07",59.7,1010.9,19,3.93
"Lund","2009-08",46,1016.2,18.5,3.79
"Lund","2009-09",29.9,1018.1,14.8,4.31
"Lund","2009-10",53.2,1015.5,7,4.1
"Lund","2009-11",103.5,1005.5,6.7,5.11
"Lund","2009-12",62.5,1009.1,0.6,3.56
"Lund","2010-01",29.6,1018.2,-4,4.19
"Lund","2010-02",44.2,1006.1,-1.8,4.3
"Lund","2010-03",33.9,1012.8,2.6,4.26
"Lund","2010-04",18,1018.3,7.4,4.37
"Lund","2010-05",42.3,1012.2,10.5,4.14
"Lund","2010-06",47,1014.2,15.2,3.58
"Lund","2010-07",24.4,1015.2,20.9,3.7
"Lund","2010-08",202.4,1010.8,17.6,3.72
"Lund","2010-09",57.3,1013.9,13.1,4.33
"Lund","2010-10",57.7,1014.4,7.8,4.05
"Lund","2010-11",115.2,1005.1,3,4.16
"Lund","2010-12",74.9,1011.1,-5,3.99
"Lund","2011-01",53.6,1015.1,-0.9,3.98
"Lund","2011-02",31.4,1018.5,-1.1,5.7
"Lund","2011-03",40.7,1021.3,2.7,5.02
"Lund","2011-04",17.4,1018.2,10.3,4.4
"Lund","2011-05",59.3,1017.8,12.3,4.24
"Lund","2011-06",71.9,1014.1,16.7,3.92
"Lund","2011-07",177.1,1009.5,17.6,3.51
"Lund","2011-08",132.8,1011.7,16.8,3.98
"Lund","2011-09",57.3,1013.3,14.6,4.27
"Lund","2011-10",49.9,1017.1,9.4,4.43
"Lund","2011-11",7.4,1022,6.2,4.21
"Lund","2011-12",72.6,1003,3.9,6.05
"Lund","2012-01",99.3,1013.7,1.3,5.15
"Lund","2012-02",41.2,1023.2,-1.6,4.79
"Lund","2012-03",11.6,1022.5,5.4,4.98
"Lund","2012-04",40.5,1006.4,6.6,4.05
"Lund","2012-05",18.1,1016.1,13.2,4.07
"Lund","2012-06",55.5,1011.2,14.3,4.23
"Lund","2012-07",55.7,1012.5,17.8,3.73
"Lund","2012-08",45.3,1015.6,17.9,3.18
"Lund","2012-09",45.8,1012.1,13.9,4.84
"Lund","2012-10",60.5,1010.3,8.5,4.06
"Lund","2012-11",53.9,1010.4,5.8,4.34
"Lund","2012-12",71.1,1009.6,-0.8,4.43
"Lund","2013-01",56,1012.7,-1,4.2
"Lund","2013-02",28.2,1016.2,-0.7,3.37
"Lund","2013-03",11.1,1015.8,-1,4.62
"Lund","2013-04",13.4,1015.6,6.5,4.45
"Lund","2013-05",36.6,1010.9,13.7,3.97
"Lund","2013-06",81.3,1015.4,15.8,4.04
"Lund","2013-07",16.5,1018.2,18.8,3.64
"Lund","2013-08",77.8,1017.3,17.7,3.32
"Lund","2013-09",52.7,1014.3,13.1,3.1
"Lund","2013-10",84.1,1014.5,10.8,4.56
"Lund","2013-11",72.2,1011.3,5.6,4.16
"Lund","2013-12",70.8,1013,4.5,5.76
"Lund","2014-01",60.9,1012.7,1.2,6.44
"Lund","2014-02",56.2,1006,3.4,4.85
"Lund","2014-03",30.3,1015.1,5.6,4.7
"Lund","2014-04",28.4,1015.2,9.1,4.52
"Lund","2014-05",72.5,1014.8,12.8,3.74
"Lund","2014-06",39.7,1015.2,15.9,3.27
"Lund","2014-07",57,1014.8,20.8,3.59
"Lund","2014-08",140.4,1009.9,17,4.06
"Lund","2014-09",28.6,1018.7,15.1,3.8
"Lund","2014-10",139.6,1015.6,11.7,4
"Lund","2014-11",26.5,1016.1,7.5,4.37
"Lund","2014-12",119.6,1011.6,2.7,4.88
"Lund","2015-01",79.5,1007.1,2.7,5.57
"Lund","2015-02",16.6,1014.1,1.8,4.98
"Lund","2015-03",57.8,1017.9,4.8,4.69
"Lund","2015-04",29.8,1016.3,7.9,4.78
"Lund","2015-05",59.5,1012.7,10.7,4.76
"Lund","2015-06",45,1016.5,14.2,4.3
"Lund","2015-07",36.2,1011.6,17.3,4.3
"Lund","2015-08",60.8,1018,18.6,4.08
"Lund","2015-09",77.4,1016.2,13.8,4.03
"Lund","2015-10",17.1,1021.7,9.5,3.6
"Lund","2015-11",155.9,1009.4,7,4.99
"Lund","2015-12",88.4,1019.1,5.9,5.87
"Lund","2016-01",39.1,1011.1,-1,4.37
"Lund","2016-02",42.1,1006.2,2.3,4.65
"Lund","2016-03",30.7,1014.1,4.1,3.67
"Lund","2016-04",50.1,1010.8,7.3,4.62
"Lund","2016-05",15,1015.4,14.7,3.91
"Lund","2016-06",105,1013.5,17.4,3.69
"Lund","2016-07",71.7,1014,18.1,3.58
"Lund","2016-08",52.7,1016,17.3,4.08
"Lund","2016-09",19.1,1018.5,16.6,3.18
"Lund","2016-10",72.9,1023,8.7,4.05
"Lund","2016-11",66.2,1013.4,3.7,4.27
"Lund","2016-12",45.7,1022.7,3.9,4.64
"Lund","2017-01",27.7,1019.5,0.6,4
"Lund","2017-02",64.3,1016.3,1.5,4.92
"Lund","2017-03",46,1013.7,4.8,4.39
"Lund","2017-04",45.2,1015.3,6.8,4.79
"Lund","2017-05",33.4,1017.9,13.1,4.3
"Lund","2017-06",112.3,1010.9,16.2,4.92
"Lund","2017-07",58.1,1012.5,16.8,3.74
"Lund","2017-08",55.7,1014.7,17.4,3.71
"Lund","2017-09",111.1,1013.4,13.8,3.88
"Lund","2017-10",90.1,1011.4,10.7,5.11
"Lund","2017-11",70.3,1008.9,5.5,4.28
"Lund","2017-12",70.3,1005.8,3.7,5.29
"Lund","2018-01",55.6,1010.3,2.4,4.57
"Lund","2018-02",29.7,1020.1,-1.4,3.56
"Lund","2018-03",55.2,1009.1,0.2,4.2
"Lund","2018-04",34.4,1012.9,9.7,4.77
"Lund","2018-05",2.3,1020.3,16.4,3.51
"Lund","2018-06",18.1,1015.4,18.8,3.73
"Lund","2018-07",2.5,1015.2,21.5,3.38
"Lund","2018-08",90.7,1014.4,19.6,3.95
"Lund","2018-09",32.4,1017.7,15.2,4.36
"Lund","2018-10",56.1,1015,10.4,4.48
"Lund","2018-12",73.1,1014.1,3.9,4.4
"Lund","2019-01",51.5,1008.4,1.2,4.52
"Lund","2019-02",53.1,1017.9,3.9,4.85
"Lund","2019-03",91.7,1008.9,5.5,5.67
"Lund","2019-04",10.1,1020.7,8.6,3.73
"Lund","2019-05",29.9,1012.8,11.5,4.56
"Lund","2019-06",65.7,1016.8,18.9,3.98
"Lund","2019-07",45.3,1013.3,18.6,4.17
"Lund","2019-08",64.4,1014.9,19,3.28
"Lund","2019-09",111.1,1014,14.2,4.31
"Lund","2019-10",76.6,1011.8,9.7,3.97
"Lund","2019-11",46.7,1006,6.1,4.11
"Lund","2019-12",61.1,1008.1,4.4,4.82
"Lund","2020-01",83,1015.5,5,5.44
"Lund","2020-02",70,1003.6,4.9,6.5
"Lund","2020-03",19.6,1016.7,4.6,4.55
"Lund","2020-04",16.7,1017.5,8.6,4.65
"Lund","2020-05",40.4,1017.9,11.4,4.27
"Lund","2020-06",49.3,1013.5,17.9,3.8
"Lund","2020-07",59.6,1012.9,16.8,4.43
"Lund","2020-08",66.3,1013.6,19.9,2.79
"Lund","2020-09",53.3,1015.3,15.2,3.42
"Lund","2020-10",81.6,1009.7,10.5,4.11
"Lund","2020-11",34.1,1019.5,7.6,4.58
"Lund","2020-12",59.4,1008.2,4.2,4.37
"Lund","2021-01",68.5,1008.3,0.5,3.75
"Lund","2021-02",30.3,1021.1,-0.5,3.95
"Lund","2021-03",45.3,1016.7,4.1,4.28
"Lund","2021-04",27.4,1016.1,6.7,4.41
"Lund","2021-05",67.6,1008.8,11.6,3.92
"Lund","2021-06",15.8,1017.4,18.7,3.34
"Lund","2021-07",89.5,1013.2,20.4,3.43
"Lund","2021-08",82.5,1012.9,16.8,3.64
"Lund","2021-09",65.5,1017.5,15.1,3.41
"Lund","2021-10",89.4,1014.7,10.6,4.25
"Lund","2021-11",51.7,1011.4,6.8,4.03
"Lund","2021-12",76.6,1011.9,1.4,3.77
"Lund","2022-01",60.3,1014.8,3.3,5.67
"Lund","2022-02",97,1006.5,3.7,6.13
"Lund","2022-03",0.5,1027.9,3.9,3.52
"Lund","2022-04",42.4,1013.6,7.2,4.2
"Lund","2022-05",77.7,1015.7,12.7,4.03
"Lund","2022-06",55.1,1015.6,17.2,3.24
"Lund","2022-07",59.8,1016.8,18.4,4.34
"Lund","2022-08",40.6,1018.1,20.1,2.63
"Lund","2022-09",69.9,1012,13.8,3.43
"Lund","2022-10",42,1015.8,12,4.03
"Lund","2022-11",25.3,1014.6,7.2,4.17
"Uppsala","1985-06",37.6,1008.4,14.6,1.77
"Uppsala","1985-07",90.6,1011.8,16.5,1.94
"Uppsala","1985-08",44.7,1009.5,15.6,1.84
"Uppsala","1985-09",56.7,1009,9.9,2.16
"Uppsala","1985-10",40.7,1016.9,7.3,2.53
"Uppsala","1985-11",57.9,1009,-0.5,2.32
"Uppsala","1985-12",53,1007.6,-6.3,1.89
"Uppsala","1986-01",42,1003.9,-5.8,2.37
"Uppsala","1986-02",10.5,1027.6,-9.2,2.07
"Uppsala","1986-03",55.4,1013.3,0.8,2.54
"Uppsala","1986-04",33.6,1014.1,2.8,2.26
"Uppsala","1986-05",70.7,1014.1,12.9,2.63
"Uppsala","1986-06",37.9,1016.7,16.5,1.92
"Uppsala","1986-07",69.5,1009.3,16.8,1.93
"Uppsala","1986-08",183,1010.7,13.3,2.08
"Uppsala","1986-09",43.9,1009.1,8.2,2.04
"Uppsala","1986-10",37.1,1009.9,6.6,2.34
"Uppsala","1986-11",43.5,1009.1,4.5,2.75
"Uppsala","1986-12",69.8,1008.3,-2,2.69
"Uppsala","1987-01",17.5,1021.4,-12.8,2.4
"Uppsala","1987-02",23.2,1010.1,-4.6,2.65
"Uppsala","1987-03",18.1,1019.5,-4.3,1.72
"Uppsala","1987-04",3.3,1017.6,4.8,2.23
"Uppsala","1987-05",43.1,1013.1,8.4,2.2
"Uppsala","1987-06",61.8,1008.3,12.2,1.63
"Uppsala","1987-07",124.7,1011.8,15.9,1.55
"Uppsala","1987-08",95.6,1009,12.7,1.52
"Uppsala","1987-09",52.6,1009,10,1.9
"Uppsala","1987-10",25.1,1021.1,7.9,1.85
"Uppsala","1987-11",49.2,1013.5,1.6,1.77
"Uppsala","1987-12",18.7,1010.8,-2.2,2.21
"Uppsala","1988-01",58.5,1007.6,0,2.17
"Uppsala","1988-02",51.8,1007.9,-0.9,2.18
"Uppsala","1988-03",30,1007.8,-2.1,1.9
"Uppsala","1988-04",31.9,1014,3.5,2.45
"Uppsala","1988-05",33.3,1018.1,12.1,1.79
"Uppsala","1988-06",53.2,1013.6,15.9,1.68
"Uppsala","1988-07",105.2,1010.3,18.1,1.67
"Uppsala","1988-08",101.7,1007.6,15.1,1.71
"Uppsala","1988-09",28.6,1008.1,12.5,2.19
"Uppsala","1988-10",58.3,1016.5,5.1,1.78
"Uppsala","1988-11",31.5,1012.1,-1.8,2.24
"Uppsala","1988-12",53.7,1006.6,-3.6,2.67
"Uppsala","1989-01",6.1,1011.3,2.6,3.47
"Uppsala","1989-02",25.8,1002.9,2.5,3.09
"Uppsala","1989-03",49.6,1005.8,3,2.28
"Uppsala","1989-04",42.4,1014.8,5.5,2.22
"Uppsala","1989-05",29.8,1016.2,12.3,2.39
"Uppsala","1989-06",32.4,1015.7,15.5,1.86
"Uppsala","1989-07",12,1014,17.8,1.7
"Uppsala","1989-08",49.1,1007.5,15.5,1.87
"Uppsala","1989-09",16.3,1015.8,12.5,1.66
"Uppsala","1989-10",57.9,1008.5,7.1,2
"Uppsala","1989-11",43.3,1013.5,1.5,2.01
"Uppsala","1989-12",37.2,1008,-3.5,2.04
"Uppsala","1990-01",65,1005.9,0.1,2.27
"Uppsala","1990-02",60.8,996,3.6,2.77
"Uppsala","1990-03",35.3,1007.6,4.1,3.8
"Uppsala","1990-04",34.2,1012.5,6.9,2.18
"Uppsala","1990-05",24.5,1017,11.8,1.66
"Uppsala","1990-06",23.9,1011.8,15,1.77
"Uppsala","1990-07",97.1,1010.5,15.7,2.05
"Uppsala","1990-08",32.7,1013.2,16.6,1.43
"Uppsala","1990-09",129,1009.3,9.9,1.53
"Uppsala","1990-10",62.6,1011.7,6.6,2.08
"Uppsala","1990-11",47.1,1008.6,0.7,1.87
"Uppsala","1990-12",31.6,1011,0.1,2.26
"Uppsala","1991-01",45.4,1014.3,-1.1,2.14
"Uppsala","1991-02",23,1021.6,-3.3,2.37
"Uppsala","1991-03",36.8,1016.5,1.8,1.78
"Uppsala","1991-04",24.4,1016,5.6,2.24
"Uppsala","1991-05",61.5,1013.7,8.4,2.44
"Uppsala","1991-06",93.7,1006.2,12.3,1.57
"Uppsala","1991-07",45.6,1014,18.5,1.35
"Uppsala","1991-08",118.2,1012.5,17,1.39
"Uppsala","1991-09",62.6,1009.1,11.1,1.95
"Uppsala","1991-11",38.9,1006.4,3.2,2.39
"Uppsala","1991-12",34.1,1013.2,0.3,2.44
"Uppsala","1992-01",9.2,1015.4,0.7,2.78
"Uppsala","1992-02",33.1,1010,0.1,2.38
"Uppsala","1992-03",28.2,1006.6,2.6,2.2
"Uppsala","1992-04",80.9,1008.3,3.1,2.38
"Uppsala","1992-05",22.8,1017.9,13.6,2.15
"Uppsala","1992-06",24.7,1017.8,17.4,1.57
"Uppsala","1992-07",111.4,1012.1,17.2,1.84
"Uppsala","1992-08",67.6,1008.1,16.4,1.79
"Uppsala","1992-09",42.1,1016.5,11.4,1.63
"Uppsala","1992-10",60.2,1008.9,3,1.7
"Uppsala","1992-11",72.7,1004.7,1.6,2.15
"Uppsala","1992-12",13.5,1014.8,0.7,2.37
"Uppsala","1993-01",21.9,1002.6,0.1,3.65
"Uppsala","1993-02",16.2,1018.5,-0.5,2.63
"Uppsala","1993-03",18.3,1014.6,1.4,2.73
"Uppsala","1993-04",28.2,1016.3,6.6,2.04
"Uppsala","1993-05",23.6,1017.8,13.4,1.55
"Uppsala","1993-06",67.7,1010.6,12.7,1.56
"Uppsala","1993-07",37.4,1006.4,16.8,1.59
"Uppsala","1993-08",90.6,1011.7,14,1.77
"Uppsala","1993-09",13.8,1016.3,8.6,1.48
"Uppsala","1993-10",53.1,1016.3,5.3,1.91
"Uppsala","1993-11",24.2,1030.7,0,1.55
"Uppsala","1993-12",48.3,998.8,-0.7,2.41
"Uppsala","1994-01",50.4,1001.4,-2.6,2.52
"Uppsala","1994-02",3.5,1026.1,-7.9,1.56
"Uppsala","1994-03",50.6,1003,0.3,2.46
"Uppsala","1994-04",28.5,1011.3,6.9,2.23
"Uppsala","1994-05",31.8,1016.2,9.8,1.74
"Uppsala","1994-06",47.6,1007.2,13.8,2.07
"Uppsala","1994-07",6.3,1018.8,21.1,1.41
"Uppsala","1994-08",71.5,1012.5,16.6,1.35
"Uppsala","1994-09",106.4,1010.4,11.7,1.64
"Uppsala","1994-10",37.8,1011.7,5.8,1.99
"Uppsala","1994-11",23.1,1012.7,2.1,2.16
"Uppsala","1994-12",46.8,1007.8,1.5,1.99
"Uppsala","1995-01",53.8,1007.3,-3.1,2.25
"Uppsala","1995-02",47.8,994.7,0.4,2.72
"Uppsala","1995-03",40.8,1004.7,1.8,2.42
"Uppsala","1995-04",94.3,1011.9,3.9,2.29
"Uppsala","1995-05",35.8,1014.7,9.4,1.96
"Uppsala","1995-06",46.3,1013,15.9,1.7
"Uppsala","1995-07",37.7,1013.5,17.4,1.82
"Uppsala","1995-08",16.9,1013.6,17.4,1.74
"Uppsala","1995-09",99.9,1011.7,11.8,1.6
"Uppsala","1995-10",25.8,1014.2,9.1,2.28
"Uppsala","1995-11",37.9,1014.5,-1.1,2.05
"Uppsala","1995-12",13.4,1021.9,-7.3,1.38
"Uppsala","1996-01",7.6,1029.5,-4.6,1.46
"Uppsala","1996-02",14.4,1016.8,-7.8,1.64
"Uppsala","1996-03",22.1,1025,-1.1,1.58
"Uppsala","1996-04",14,1018.9,5.7,2.16
"Uppsala","1996-05",59.2,1013.8,8.4,2.26
"Uppsala","1996-06",70,1013.1,15,1.86
"Uppsala","1996-07",73.1,1009.6,15.8,1.7
"Uppsala","1996-08",27.6,1020,19,1.39
"Uppsala","1996-09",31.9,1017.8,10,1.62
"Uppsala","1996-10",22,1012.6,8.2,1.93
"Uppsala","1996-11",105.9,1003.6,2.6,2.24
"Uppsala","1996-12",30.4,1014.5,-3.6,2.32
"Uppsala","1997-01",14.3,1017.2,-1.8,2.67
"Uppsala","1997-02",49.9,1002.7,-0.2,3.09
"Uppsala","1997-03",18,1012.8,2.1,2.87
"Uppsala","1997-04",18.4,1009.6,4,2.92
"Uppsala","1997-05",54.2,1014.9,9.3,2.01
"Uppsala","1997-06",117.5,1012.4,16.4,1.56
"Uppsala","1997-07",45.5,1016.3,19.2,1.5
"Uppsala","1997-08",132.9,1018.6,20.4,1.23
"Uppsala","1997-09",58.3,1011.2,12.5,1.97
"Uppsala","1997-10",56.1,1007.6,4.5,1.99
"Uppsala","1997-11",57.1,1015.5,1.4,1.51
"Uppsala","1997-12",50.8,1013.6,-0.8,1.76
"Uppsala","1998-01",61.6,1009.4,-0.4,2.22
"Uppsala","1998-02",29.9,1004,0.7,2
"Uppsala","1998-03",26.9,1011.4,-0.7,1.92
"Uppsala","1998-04",33.1,1010.5,4,2.02
"Uppsala","1998-05",42.6,1015.8,10.2,2.19
"Uppsala","1998-06",86.6,1010.1,12.8,2.09
"Uppsala","1998-07",85.4,1003.1,15.8,1.88
"Uppsala","1998-08",69,1008,13.8,1.99
"Uppsala","1998-09",43.3,1014,12.2,1.47
"Uppsala","1998-10",53.6,1003.1,5.6,1.83
"Uppsala","1998-11",20.5,1019,-1.1,1.45
"Uppsala","1998-12",59.3,1010.1,-0.7,2.51
"Uppsala","1999-01",57.2,1008.4,-2.9,1.42
"Uppsala","1999-02",33.6,996.5,-2.6,2.41
"Uppsala","1999-03",50.6,1011.8,1,2.2
"Uppsala","1999-04",74.6,1007.9,6.9,2.45
"Uppsala","1999-05",15.2,1017.1,9.4,2.06
"Uppsala","1999-06",30.4,1015.5,16.5,2.11
"Uppsala","1999-07",12.4,1013.1,19.2,2.16
"Uppsala","1999-08",44.2,1012.3,15.5,1.44
"Uppsala","1999-09",59,1014.6,14.7,1.61
"Uppsala","1999-10",23.1,1012.2,7.3,1.81
"Uppsala","1999-11",9.9,1014.5,4,2.28
"Uppsala","1999-12",98.6,996.2,-2.6,2.44
"Uppsala","2000-01",24.4,1006.5,-1.3,2.58
"Uppsala","2000-02",14.2,1004.7,-0.9,2.07
"Uppsala","2000-03",23.1,1021.3,1.6,1.67
"Uppsala","2000-04",19.9,1011,6.5,1.96
"Uppsala","2000-05",40.4,1014.8,12.1,2.05
"Uppsala","2000-06",44.2,1011.8,13.9,2.32
"Uppsala","2000-07",118.3,1004,15.8,1.62
"Uppsala","2000-08",23.4,1014.7,15.2,1.49
"Uppsala","2000-09",6.4,1018.7,10.6,1.43
"Uppsala","2000-10",100.2,1013.3,10,1.68
"Uppsala","2000-11",124.4,1008.4,6,1.5
"Uppsala","2000-12",61.1,1006.8,1.9,1.8
"Uppsala","2001-01",37.8,1017.8,-1.3,1.32
"Uppsala","2001-02",38.9,1012.5,-4.5,2.14
"Uppsala","2001-03",20,1009.1,-1.1,2.02
"Uppsala","2001-04",30,1010.1,5.6,2.37
"Uppsala","2001-05",26.5,1013.7,10.6,2.07
"Uppsala","2001-06",18.7,1009.9,14.8,2.24
"Uppsala","2001-07",61.8,1010.8,19.2,1.98
"Uppsala","2001-08",124.1,1012,16.4,1.65
"Uppsala","2001-09",53.5,1010.4,12,1.73
"Uppsala","2001-10",83.1,1008.9,8.8,1.98
"Uppsala","2001-11",23,1008.7,2.1,2.31
"Uppsala","2001-12",43.8,1017.1,-2.7,2.04
"Uppsala","2002-01",54.3,1008.6,-1.8,2.08
"Uppsala","2002-02",56.4,994.6,0.9,2.35
"Uppsala","2002-03",48.2,1008.7,1.8,2.39
"Uppsala","2002-04",6.8,1019.5,6.7,1.81
"Uppsala","2002-05",36.7,1016.7,12.2,1.74
"Uppsala","2002-06",104.2,1011.9,17,1.95
"Uppsala","2002-07",90.8,1011.8,18.8,1.77
"Uppsala","2002-08",4.2,1017.6,20.2,1.58
"Uppsala","2002-09",41.1,1017,12.3,1.69
"Uppsala","2002-10",38.7,1013,2.9,1.75
"Uppsala","2002-11",62.1,1013.3,-0.5,2.03
"Uppsala","2002-12",10.6,1025.8,-4.5,1.84
"Uppsala","2003-01",21.2,1005.7,-4.1,2.6
"Uppsala","2003-02",22.1,1024.7,-4.1,2.05
"Uppsala","2003-03",8.7,1020.7,2.7,2.41
"Uppsala","2003-04",43.1,1019.4,4.2,2.85
"Uppsala","2003-05",65.2,1012.7,11.2,2.36
"Uppsala","2003-06",74.8,1011.4,15.4,1.91
"Uppsala","2003-07",20.3,1013.8,20.2,1.55
"Uppsala","2003-08",57.5,1011.9,16.7,1.91
"Uppsala","2003-09",32.3,1015.5,12.5,2.07
"Uppsala","2003-10",42.2,1009.1,3.9,1.84
"Uppsala","2003-11",54.3,1015.2,3.3,1.77
"Uppsala","2003-12",82.5,1005.8,0.2,2.56
"Uppsala","2004-01",37,1008.7,-4.2,2
"Uppsala","2004-02",27,1009.2,-1.6,2.32
"Uppsala","2004-03",29.9,1017.9,0.9,2.19
"Uppsala","2004-04",18.3,1017.3,6.7,1.99
"Uppsala","2004-05",44.2,1011.2,10.7,2.12
"Uppsala","2004-06",78.6,1008,13.9,1.96
"Uppsala","2004-07",66.4,1011.1,16.4,1.55
"Uppsala","2004-08",39.4,1011.6,17.7,1.78
"Uppsala","2004-09",53.3,1008.2,12.8,2.16
"Uppsala","2004-10",41.2,1012.7,6.7,1.71
"Uppsala","2004-11",55.9,1010.9,0.4,2.24
"Uppsala","2004-12",26.2,1005.3,0.9,2.58
"Uppsala","2005-01",47.8,1002.3,0.7,3
"Uppsala","2005-02",46.4,1018.5,-2.4,2.43
"Uppsala","2005-03",12.5,1015.3,-2.8,1.75
"Uppsala","2005-04",9.9,1015.4,6.3,2.29
"Uppsala","2005-05",56.4,1011.8,10.4,2.25
"Uppsala","2005-06",81.9,1013.1,14.3,1.8
"Uppsala","2005-07",100.9,1011.4,18.5,1.43
"Uppsala","2005-08",89.3,1011,16.1,1.77
"Uppsala","2005-09",12.9,1015.2,13,2.19
"Uppsala","2005-10",36.3,1020,8.1,2.32
"Uppsala","2005-11",38.2,1009.6,3.9,2.13
"Uppsala","2005-12",41.7,1012.7,-1,2.23
"Uppsala","2006-01",7.2,1026.1,-3.2,2.17
"Uppsala","2006-02",38.7,1015.2,-3.1,1.77
"Uppsala","2006-03",37.1,1011.7,-4.1,1.7
"Uppsala","2006-04",32.8,1009.2,5.4,2.19
"Uppsala","2006-05",49.6,1012.9,10.9,1.95
"Uppsala","2006-06",45.8,1016.7,16.7,2.09
"Uppsala","2006-07",25.8,1018.3,20,1.82
"Uppsala","2006-08",83.2,1008.7,18.4,1.18
"Uppsala","2006-09",38.6,1012.7,14.6,1.84
"Uppsala","2006-10",117.2,1009.1,8.7,1.56
"Uppsala","2006-11",72.5,1006,3.9,2.24
"Uppsala","2006-12",36.5,1008.1,4,2.79
"Uppsala","2007-01",74,996.7,-0.9,2.69
"Uppsala","2007-02",29.7,1014.5,-4,1.87
"Uppsala","2007-03",31.3,1012.6,3.8,2.08
"Uppsala","2007-04",41.6,1015.5,7.8,2.51
"Uppsala","2007-05",52.3,1007.3,11,2.3
"Uppsala","2007-06",33,1011.3,16.4,1.42
"Uppsala","2007-07",39.7,1004.6,16.9,1.84
"Uppsala","2007-08",45.2,1011.2,17.3,1.64
"Uppsala","2007-09",73,1006.8,11.5,1.74
"Uppsala","2007-10",31.7,1018.2,6.8,2.22
"Uppsala","2007-11",58.5,1007.6,1.3,1.97
"Uppsala","2007-12",51.2,1013.4,0.6,2.38
"Uppsala","2008-01",62.7,1008.3,1.5,2.94
"Uppsala","2008-02",29.9,1010.8,2.2,2.57
"Uppsala","2008-03",37.7,998.1,1.3,2.32
"Uppsala","2008-04",40.9,1013.4,6.9,1.98
"Uppsala","2008-05",15,1019.3,11.6,1.35
"Uppsala","2008-06",73.6,1009.6,16.1,1.95
"Uppsala","2008-07",33.5,1012.4,18.2,1.62
"Uppsala","2008-08",146.9,1006.6,15.2,1.57
"Uppsala","2008-09",11.7,1019.8,10.8,1.22
"Uppsala","2008-10",81.6,1004.4,7.5,2.29
"Uppsala","2008-11",78.3,1005,1.9,2.22
"Uppsala","2008-12",53.5,1015.3,0.1,1.85
"Uppsala","2009-01",25.5,1011.9,-2.2,2.18
"Uppsala","2009-02",23.7,1012,-3.4,1.46
"Uppsala","2009-03",25.5,1011.4,0.4,2.15
"Uppsala","2009-04",3.2,1018.5,8.3,2.05
"Uppsala","2009-05",43.6,1015.8,11.7,2.12
"Uppsala","2009-06",117.1,1014.3,13.7,1.57
"Uppsala","2009-07",86.3,1008.1,17.6,1.93
"Uppsala","2009-08",82.3,1013.6,16.9,1.9
"Uppsala","2009-09",32.5,1012.8,13.2,2.21
"Uppsala","2009-10",50.4,1014.3,4.5,1.8
"Uppsala","2009-11",62.6,1006.1,4.9,2.32
"Uppsala","2009-12",35.9,1012.2,-3.2,1.57
"Uppsala","2010-01",31.5,1022.7,-8.6,1.58
"Uppsala","2010-02",34.2,1010,-6.6,1.69
"Uppsala","2010-03",35.7,1008.5,-1.1,2.13
"Uppsala","2010-04",29,1016.2,5.7,2.09
"Uppsala","2010-05",46.9,1012.1,11.4,1.96
"Uppsala","2010-06",34.7,1012,15.2,1.63
"Uppsala","2010-07",64.2,1013.3,20.7,2.31
"Uppsala","2010-08",110,1010.2,16.5,1.45
"Uppsala","2010-09",48.4,1013.7,11.2,1.7
"Uppsala","2010-10",40.5,1013.2,5.3,2.11
"Uppsala","2010-12",50.8,1011.6,-7.9,1.98
"Uppsala","2011-01",40.9,1010.4,-2.9,2.29
"Uppsala","2011-02",32.2,1016.6,-5.9,2.11
"Uppsala","2011-03",16.4,1016.1,0.5,2.7
"Uppsala","2011-04",8.5,1015.4,9,2.33
"Uppsala","2011-05",15.2,1014.9,11.7,2.39
"Uppsala","2011-06",51.4,1011.7,17.2,1.86
"Uppsala","2011-07",15.1,1010.5,18.8,1.85
"Uppsala","2011-08",140.4,1010.8,16.9,1.6
"Uppsala","2011-09",77.2,1008.4,13.4,2.03
"Uppsala","2011-10",69.4,1012.3,7.6,2.18
"Uppsala","2011-11",24.4,1018.3,5.1,2.03
"Uppsala","2011-12",68.6,995.3,1.6,2.78
"Uppsala","2012-01",45.1,1012.2,-2.4,1.93
"Uppsala","2012-02",51.9,1018.9,-3.8,2.23
"Uppsala","2012-03",12.5,1016.8,3.9,2.45
"Uppsala","2012-04",57.2,1006.1,4.6,2.47
"Uppsala","2012-05",50.9,1015,11.7,2.16
"Uppsala","2012-06",115.2,1008.6,13.4,1.72
"Uppsala","2012-07",38.4,1009.8,17.2,1.8
"Uppsala","2012-08",114,1013.8,16.1,1.47
"Uppsala","2012-09",77.8,1006.9,11.8,2.19
"Uppsala","2012-10",57.6,1007.6,5.8,1.89
"Uppsala","2012-11",47,1008.8,3.8,2.42
"Uppsala","2012-12",71.3,1011.7,-4.6,1.88
"Uppsala","2013-01",25.4,1011.7,-4,2.03
"Uppsala","2013-02",31.9,1016.6,-2.1,1.77
"Uppsala","2013-03",1.1,1018.2,-3.3,2.04
"Uppsala","2013-04",40.9,1012.8,4.6,2.57
"Uppsala","2013-05",12.7,1012.6,13.9,2.29
"Uppsala","2013-06",63,1013.4,16.3,1.81
"Uppsala","2013-07",17.1,1015.5,18.1,1.95
"Uppsala","2013-08",37.8,1014.8,17.1,1.8
"Uppsala","2013-09",49.2,1013.6,12.2,1.55
"Uppsala","2013-10",57,1012.3,7.5,2.11
"Uppsala","2013-11",49.2,1006.2,3.2,2.22
"Uppsala","2013-12",55.1,1006,2.5,3.13
"Uppsala","2014-01",43.8,1016.8,-2.5,2.28
"Uppsala","2014-02",43,1005.5,1.9,2.39
"Uppsala","2014-03",46.1,1011.9,4.2,2.62
"Uppsala","2014-04",45.9,1015.3,7.1,2.39
"Uppsala","2014-05",57.5,1015.1,10.9,2.26
"Uppsala","2014-06",64.7,1013.8,13.7,1.91
"Uppsala","2014-07",41.6,1015.9,20.5,1.61
"Uppsala","2014-08",121.7,1007.8,16.9,1.75
"Uppsala","2014-09",50.2,1018.8,12.5,1.49
"Uppsala","2014-10",68.5,1016.2,8.6,2.16
"Uppsala","2014-11",34.9,1020.5,4.3,1.92
"Uppsala","2014-12",31.4,1005.8,-1.2,2.31
"Uppsala","2015-01",85.1,1001.6,0,2.88
"Uppsala","2015-02",22.2,1011.6,0.7,3.06
"Uppsala","2015-03",35.2,1016.5,3.4,2.6
"Uppsala","2015-04",13.6,1010.9,7,2.69
"Uppsala","2015-05",82.8,1008.7,9.7,2.48
"Uppsala","2015-06",43.9,1011.5,14.1,2.23
"Uppsala","2015-07",112.9,1007.6,16.6,1.96
"Uppsala","2015-08",9.4,1019.3,17.4,1.78
"Uppsala","2015-09",72.5,1016.2,12.8,1.79
"Uppsala","2015-10",2.1,1022.8,6.2,1.3
"Uppsala","2015-11",59.1,1003.8,4,2.36
"Uppsala","2015-12",38.7,1011.6,2.5,2.97
"Uppsala","2016-01",35.3,1010.2,-5.6,2.2
"Uppsala","2016-02",42.4,1001.5,-0.5,2.17
"Uppsala","2016-03",19.5,1013.4,2.7,1.97
"Uppsala","2016-04",37.3,1009.9,5.8,2.15
"Uppsala","2016-05",22,1016.6,12.6,2.31
"Uppsala","2016-06",41.4,1012.5,16,2.03
"Uppsala","2016-07",74.7,1010.4,18.1,1.96
"Uppsala","2016-08",78.8,1011.7,16.2,2.19
"Uppsala","2016-09",11,1016,14.5,1.89
"Uppsala","2016-10",18.7,1027.7,6.6,2.08
"Uppsala","2016-11",66.6,1011.4,1.2,2.55
"Uppsala","2016-12",22.3,1014.3,1.2,2.73
"Uppsala","2017-01",24,1014.5,-1.2,2.43
"Uppsala","2017-02",22,1015.7,-0.7,2.33
"Uppsala","2017-03",30,1010.1,2.7,2.54
"Uppsala","2017-04",26.5,1011.1,4.5,2.5
"Uppsala","2017-05",14,1018,11,2.18
"Uppsala","2017-06",49.2,1007.9,15.1,2.17
"Uppsala","2017-07",19.7,1010.1,17.1,1.81
"Uppsala","2017-08",76.3,1011.7,16.2,2.02
"Uppsala","2017-09",75.9,1016.1,12.6,1.53
"Uppsala","2017-10",95.6,1007.7,7.1,2.19
"Uppsala","2017-11",70.8,1004.8,2.7,2.18
"Uppsala","2017-12",57,1000.7,0.4,2.22
"Uppsala","2018-01",62,1009.8,-1.2,2.12
"Uppsala","2018-02",24.1,1021.9,-4.2,1.9
"Uppsala","2018-03",23,1012,-2.6,1.99
"Uppsala","2018-04",33.6,1012.7,6.7,2.13
"Uppsala","2018-05",6.8,1021.7,16.1,1.98
"Uppsala","2018-06",26.5,1012.6,16.8,2.3
"Uppsala","2018-07",89.1,1014.8,22,1.62
"Uppsala","2018-08",105.1,1011.9,18.2,1.97
"Uppsala","2018-09",44.6,1011.9,13.3,2.45
"Uppsala","2018-10",25.3,1012.6,7.7,2.38
"Uppsala","2019-01",37.1,1006,-3.5,1.95
"Uppsala","2019-02",41.1,1012.8,1.1,2.71
"Uppsala","2019-03",52.2,1003.3,1.9,2.71
"Uppsala","2019-04",1.6,1023.9,7.3,2.46
"Uppsala","2019-05",56.1,1010.9,10.6,2.08
"Uppsala","2019-06",35.3,1015.8,17.9,2.28
"Uppsala","2019-07",62.5,1011.4,16.8,1.69
"Uppsala","2019-08",61.8,1013.1,17.4,1.97
"Uppsala","2019-09",43.9,1011.1,12.2,1.97
"Uppsala","2019-10",72.2,1009.5,6.2,1.92
"Uppsala","2019-11",76.9,1010.6,2.5,1.87
"Uppsala","2019-12",84.9,1003.7,1.6,2.33
"Uppsala","2020-01",20.3,1007.3,3.4,3.12
"Uppsala","2020-02",31.1,996.8,2.1,3.09
"Uppsala","2020-03",24.1,1013,2.8,2.85
"Uppsala","2020-04",15.9,1013.1,6.7,2.72
"Uppsala","2020-05",38.6,1015,9.3,2.02
"Uppsala","2020-06",54.6,1015.1,18.5,1.71
"Uppsala","2020-07",88.9,1008.1,16.1,2.01
"Uppsala","2020-08",19.3,1013.1,18.3,1.75
"Uppsala","2020-09",35.9,1012.6,13.3,2.07
"Uppsala","2020-10",112.4,1009.9,8.2,2.1
"Uppsala","2020-11",33.2,1014.4,5.9,2.63
"Uppsala","2020-12",58.2,1010.9,3.1,2.3
"Uppsala","2021-01",60.8,1009.3,-2.2,2.12
"Uppsala","2021-02",13.6,1021.2,-3,2.11
"Uppsala","2021-03",11.2,1012,3.2,2.67
"Uppsala","2021-04",32.5,1013.2,4.9,2.57
"Uppsala","2021-05",85.6,1009.2,10.3,2.1
"Uppsala","2021-06",46.5,1016,18.4,1.66
"Uppsala","2021-07",17.6,1013.3,20.7,1.75
"Uppsala","2021-08",115.7,1011.2,15.2,1.78
"Uppsala","2021-09",21.7,1017.7,11.8,1.85
"Uppsala","2021-10",46.2,1010.7,8.7,2.62
"Uppsala","2021-11",23.1,1009.2,2.2,2.08
"Uppsala","2021-12",24.3,1011.7,-3.4,1.91
"Uppsala","2022-01",50.3,1007.5,-0.3,2.91
"Uppsala","2022-02",49.1,999.9,-0.1,2.78
"Uppsala","2022-03",0.5,1026.2,2.8,2.16
"Uppsala","2022-04",33.6,1012.8,5,2.17
"Uppsala","2022-05",23.7,1012.6,11.3,2.33
"Uppsala","2022-06",51,1012.8,17.8,2.06
"Uppsala","2022-07",64.5,1013,17.7,1.97
"Uppsala","2022-08",135.3,1017.7,18.6,1.82
"Uppsala","2022-09",56.9,1012.9,10.9,1.5
"Uppsala","2022-10",43,1012,9.2,2.14
"Uppsala","2022-11",36,1017.6,4.7,2.02
"Katterjåkk","1972-04",29.3,1008.3,-4,3
"Katterjåkk","1972-05",15.3,1018.1,1.4,1.99
"Katterjåkk","1972-06",44.1,1013.1,10.6,2.68
"Katterjåkk","1972-07",111.8,1016.2,12.8,3.17
"Katterjåkk","1972-08",79.4,1012.8,9.8,2.58
"Katterjåkk","1972-09",159.1,1013,3.9,2.89
"Katterjåkk","1972-10",142.4,1009.3,-0.7,3.58
"Katterjåkk","1972-11",86.7,997.1,-6.4,4.54
"Katterjåkk","1972-12",133,1003.7,-4.1,3.82
"Katterjåkk","1973-01",138.8,1011.1,-8.3,4.53
"Katterjåkk","1973-02",80.9,994.2,-10.6,4.07
"Katterjåkk","1973-03",140.9,1006.8,-6.2,6.11
"Katterjåkk","1973-04",58.6,1007.4,-5.4,3.77
"Katterjåkk","1973-05",27.4,1013.6,0.8,4.13
"Katterjåkk","1973-06",63.1,1012,6.8,3.67
"Katterjåkk","1973-07",80.7,1013,13.2,2.78
"Katterjåkk","1973-08",160.4,1008.6,7.1,3.99
"Katterjåkk","1973-09",35.5,1013.3,2.5,2.65
"Katterjåkk","1973-10",122.9,1007.4,-3.7,3.77
"Katterjåkk","1973-11",83,997.5,-8.1,3.51
"Katterjåkk","1973-12",99.4,995.3,-13.1,3.22
"Katterjåkk","1974-01",62.3,1006.2,-9.3,2.56
"Katterjåkk","1974-02",64,1003.5,-8.9,4.2
"Katterjåkk","1974-03",17.5,1022.9,-5.5,3.19
"Katterjåkk","1974-04",114.3,1015.3,-1.5,4.79
"Katterjåkk","1974-05",17.3,1017.5,1.9,2.4
"Katterjåkk","1974-06",33.6,1011.8,9,3.29
"Katterjåkk","1974-07",93.6,1003.3,11.2,2.91
"Katterjåkk","1974-08",73.2,1011.3,9.4,2.21
"Katterjåkk","1974-09",88.9,1002.7,6.1,2.48
"Katterjåkk","1974-10",27.5,1014.8,-2,2.24
"Katterjåkk","1974-11",21.7,1010.6,-6.7,3.72
"Katterjåkk","1974-12",51.8,993.7,-7.6,2.53
"Katterjåkk","1975-01",101.1,993.8,-11,3
"Katterjåkk","1975-02",212.9,1009.6,-4.8,6.81
"Katterjåkk","1975-03",76.6,1006.2,-5.8,3.48
"Katterjåkk","1975-04",29,1009.8,-4.3,2.65
"Katterjåkk","1975-05",102,1015.4,1.6,3.65
"Katterjåkk","1975-06",104.5,1013.3,3.9,3.33
"Katterjåkk","1975-07",135.3,1010.5,7.4,3.57
"Katterjåkk","1975-08",86.5,1015.2,7.2,3.08
"Katterjåkk","1975-09",123.4,999.6,4.4,3.78
"Katterjåkk","1975-10",245.4,1014.3,0,2.74
"Katterjåkk","1975-11",97,1007.6,-4,3.4
"Katterjåkk","1975-12",223.6,987.8,-8.3,5.17
"Katterjåkk","1976-01",63,997.4,-15.3,2.5
"Katterjåkk","1976-02",132.7,1010.1,-7.7,3.61
"Katterjåkk","1976-03",31.1,1016,-9,2.91
"Katterjåkk","1976-04",77.6,1009.8,-4.4,4.78
"Katterjåkk","1976-05",25.7,1017.5,3.1,2.21
"Katterjåkk","1976-06",32.5,1013.7,6.3,2.9
"Katterjåkk","1976-07",98.5,1013,9.5,3.12
"Katterjåkk","1976-08",92,1017.3,8.8,3.2
"Katterjåkk","1976-09",135.5,1012.4,1.9,3.58
"Katterjåkk","1976-10",33.2,1018.3,-3.6,1.93
"Katterjåkk","1976-11",133.4,1006.7,-7,3.08
"Katterjåkk","1976-12",19.5,1010.2,-11.5,2.5
"Katterjåkk","1977-01",61.8,1010.4,-14.3,2.56
"Katterjåkk","1977-02",26.5,1010.7,-12.3,1.72
"Katterjåkk","1977-03",133.2,1007.2,-7.3,4.2
"Katterjåkk","1977-04",22.2,1004.8,-7.4,2.71
"Katterjåkk","1977-05",57.1,1018.4,-0.1,3.59
"Katterjåkk","1977-06",67.5,1010.5,4.4,4.06
"Katterjåkk","1977-07",55.8,1011,10.2,3.2
"Katterjåkk","1977-08",73.5,1015.9,9.6,2.89
"Katterjåkk","1977-09",69.4,1009.5,3,3.44
"Katterjåkk","1977-10",97.3,1009.9,-1.1,3.01
"Katterjåkk","1977-11",64.1,995,-4.3,2.56
"Katterjåkk","1977-12",109.4,1010.7,-8,4.14
"Katterjåkk","1978-01",101.2,1001.5,-14.1,2.55
"Katterjåkk","1978-02",78.8,1013,-12.8,2.87
"Katterjåkk","1978-03",25.9,1005.2,-10.5,1.63
"Katterjåkk","1978-04",49.2,1016.4,-5.1,3.57
"Katterjåkk","1978-05",57.4,1021.4,1.3,3.54
"Katterjåkk","1978-06",24.2,1011.2,9,4.04
"Katterjåkk","1978-07",47.5,1011.2,12.1,2.66
"Katterjåkk","1978-08",66.8,1013.2,8.6,2.79
"Katterjåkk","1978-09",45.9,1005.6,3.2,3.24
"Katterjåkk","1978-10",198.2,1002.2,-2.4,4.34
"Katterjåkk","1978-11",162.3,998.7,-4.8,4.66
"Katterjåkk","1978-12",56.6,1017.3,-13.8,2.89
"Katterjåkk","1979-01",48.9,1012.6,-14.3,2.51
"Katterjåkk","1979-02",65,1007.6,-11.3,4.22
"Katterjåkk","1979-03",43.7,1001.6,-8.3,3.63
"Katterjåkk","1979-04",29.2,1014.9,-4.4,1.8
"Katterjåkk","1979-05",57.3,1009.2,1.1,3.77
"Katterjåkk","1979-06",82.5,1012.1,7.8,3.12
"Katterjåkk","1979-07",25.1,1010.4,12.3,3.09
"Katterjåkk","1979-08",88.2,1010.2,9.7,2.94
"Katterjåkk","1979-09",104.6,1003.1,3.9,2.92
"Katterjåkk","1979-10",98.7,1017.1,-2.7,2.66
"Katterjåkk","1979-11",49.4,1002.5,-6.1,2.06
"Katterjåkk","1979-12",61.3,1000.1,-7.1,2.97
"Katterjåkk","1980-01",80.6,1013.4,-12.1,2.01
"Katterjåkk","1980-02",35.4,1014,-12.9,2.22
"Katterjåkk","1980-03",15.4,1016.3,-9.5,1.48
"Katterjåkk","1980-04",58.4,1012.7,-1.6,3.07
"Katterjåkk","1980-05",38.1,1018.9,2.3,3.49
"Katterjåkk","1980-06",51.1,1010.9,10.6,3.22
"Katterjåkk","1980-07",14.8,1013.8,13.3,2.77
"Katterjåkk","1980-08",57.7,1012.9,10.7,2.51
"Katterjåkk","1980-09",85.9,1010,5.1,2.35
"Katterjåkk","1980-11",87.3,1007.1,-8.2,3.23
"Katterjåkk","1980-12",51.8,995,-12.2,1.91
"Katterjåkk","1981-01",227.9,996.7,-12,3.48
"Katterjåkk","1981-02",27.3,1012.7,-13.7,1.73
"Katterjåkk","1981-03",58.2,1005.8,-13,2.22
"Katterjåkk","1981-04",86.8,1012,-3.3,5.25
"Katterjåkk","1981-05",16.6,1016.1,2.3,2.22
"Katterjåkk","1981-06",38.5,1011.6,4,3.02
"Katterjåkk","1981-07",119.9,1009.3,10,2.6
"Katterjåkk","1981-08",99.2,1012.9,8.4,2.35
"Katterjåkk","1981-09",72.6,1013.8,4.2,1.63
"Katterjåkk","1981-10",56,1003.6,-1.5,2.85
"Katterjåkk","1981-11",26.9,1007.3,-7,2.32
"Katterjåkk","1981-12",37.8,1007.8,-13.3,3
"Katterjåkk","1982-01",93.8,1008.1,-11.2,4.1
"Katterjåkk","1982-02",88.2,1010.9,-6.9,4.43
"Katterjåkk","1982-03",79.3,1005.9,-7.1,3.9
"Katterjåkk","1982-04",75.1,1004.2,-3.2,4.76
"Katterjåkk","1982-06",47,1015.3,3.3,3.31
"Katterjåkk","1982-07",93.5,1013.2,9.5,3.84
"Katterjåkk","1982-08",66,1008,9,2.45
"Katterjåkk","1982-09",167.4,1005.8,3,3.52
"Katterjåkk","1982-10",60.9,1012.3,0,2.43
"Katterjåkk","1982-11",70.5,997,-4.7,2.75
"Katterjåkk","1982-12",84.5,994.2,-6.8,3.48
"Katterjåkk","1983-01",63.3,989.3,-9.5,3.14
"Katterjåkk","1983-02",82.8,1011,-8.6,5.21
"Katterjåkk","1983-03",43.4,1004.6,-9,2.89
"Katterjåkk","1983-04",6.9,1011.9,-2.3,1.82
"Katterjåkk","1983-05",18.9,1014.2,3.5,1.84
"Katterjåkk","1983-06",68.6,1013,6.4,2.98
"Katterjåkk","1983-07",127.9,1011.2,9.6,2.33
"Katterjåkk","1983-08",201,1008.9,6.3,3.62
"Katterjåkk","1983-09",56.4,1005.6,5.7,2.92
"Katterjåkk","1983-10",76.5,995.6,-1.8,4.06
"Katterjåkk","1983-11",160.2,1001.8,-7.8,4.7
"Katterjåkk","1983-12",128.2,999.8,-10.7,2.17
"Katterjåkk","1984-01",51.4,997.6,-13.6,2.86
"Katterjåkk","1984-02",55.5,1014,-7.8,3.6
"Katterjåkk","1984-03",39,1019.8,-9.2,3.31
"Katterjåkk","1984-04",29.8,1017.3,-2.2,3.7
"Katterjåkk","1984-06",60.4,1011.4,7.8,3.39
"Katterjåkk","1984-07",91.5,1010.1,8.5,2.6
"Katterjåkk","1984-09",47.9,1011.4,3.4,2.44
"Katterjåkk","1984-10",27.8,1005.7,-1.1,3.27
"Katterjåkk","1984-11",43.2,1012.9,-6.6,2.98
"Katterjåkk","1984-12",29.9,1015.2,-6.3,1.99
"Katterjåkk","1985-01",68.4,1013.6,-13.6,2.77
"Katterjåkk","1985-02",27.5,1021.2,-18.8,1.49
"Katterjåkk","1985-03",33.5,1011.6,-8,3.12
"Katterjåkk","1985-04",41.9,1006.8,-6.2,2.71
"Katterjåkk","1985-05",35.9,1020,0.4,5.69
"Katterjåkk","1985-06",20.1,1011.7,8,5.04
"Katterjåkk","1985-07",49.3,1012.6,12.4,3.17
"Katterjåkk","1985-08",85.6,1007,10.1,3.29
"Katterjåkk","1985-09",108.3,1005.8,3.9,4.37
"Katterjåkk","1985-10",232.1,1006.7,0.2,5.15
"Katterjåkk","1985-11",45.2,1009,-7,4.97
"Katterjåkk","1985-12",49,1003.4,-12.6,4.21
"Katterjåkk","1986-01",20.8,1007,-14.4,2.39
"Katterjåkk","1986-02",77.5,1022.2,-9.1,4.58
"Katterjåkk","1986-03",49.4,1003.9,-5.3,3.51
"Katterjåkk","1986-04",46.3,1015.7,-4.5,3.71
"Katterjåkk","1986-05",57.2,1010.6,3.6,3.15
"Katterjåkk","1986-06",108.8,1015.7,8.9,4.28
"Katterjåkk","1986-07",42.1,1009.2,10.9,2.99
"Katterjåkk","1986-09",62.2,1006.7,2.2,2.62
"Katterjåkk","1986-10",106.6,999.3,0.3,4.15
"Katterjåkk","1986-11",64.1,999,-3.3,3.49
"Katterjåkk","1986-12",26.8,1009.5,-15.3,2.81
"Katterjåkk","1987-01",65.3,1017.4,-14,3.73
"Katterjåkk","1987-02",70.7,1004.2,-12.2,4.72
"Katterjåkk","1987-03",9,1018.9,-11.3,2.55
"Katterjåkk","1987-04",53,1013.6,-4.1,2.63
"Katterjåkk","1987-05",48.2,1015.8,0.8,3.93
"Katterjåkk","1987-06",17.7,1010.6,7,2.85
"Katterjåkk","1987-07",40.1,1012.4,9.2,2.71
"Katterjåkk","1987-08",45,1012,7.1,3.26
"Katterjåkk","1987-09",24.5,1008.4,4.3,1.43
"Katterjåkk","1987-10",78.4,1012.8,3.7,4.42
"Katterjåkk","1987-11",69.5,1012.2,-7.4,3.31
"Katterjåkk","1987-12",123.4,1003.6,-9.4,4.1
"Katterjåkk","1988-01",32.7,1004.2,-12.2,3.07
"Katterjåkk","1988-02",6.1,1011.7,-14.3,2.58
"Katterjåkk","1988-03",12.6,1008.9,-12.4,1.47
"Katterjåkk","1988-04",54.6,1010.7,-5.8,4.3
"Katterjåkk","1988-05",15.6,1019.1,1.9,3.08
"Katterjåkk","1988-07",59.9,1010.3,13.2,2.97
"Katterjåkk","1988-08",35.9,1008.9,9.6,2.23
"Katterjåkk","1988-09",146.4,1003.1,5.6,3.01
"Katterjåkk","1988-10",119.6,1009.7,-0.7,3.81
"Katterjåkk","1988-11",125.2,1002.8,-6.8,3.56
"Katterjåkk","1988-12",96.2,998.3,-9,4.01
"Katterjåkk","1989-01",153.5,995,-5.9,5.58
"Katterjåkk","1989-02",132.8,991.1,-8,5.21
"Katterjåkk","1989-03",37,999.6,-5.8,4.1
"Katterjåkk","1989-04",32.9,1015.8,-0.9,3.8
"Katterjåkk","1989-05",99.8,1010.6,2,4.48
"Katterjåkk","1989-06",45.8,1014.1,6.9,4.38
"Katterjåkk","1989-07",96.1,1013.6,8.1,3.65
"Katterjåkk","1989-08",63.4,1007.4,10.3,3.22
"Katterjåkk","1989-09",132.3,1008.2,4.8,3.41
"Katterjåkk","1989-10",53.5,1003.3,-1.7,3.57
"Katterjåkk","1989-11",94.8,1008.2,-3.4,4.73
"Katterjåkk","1989-12",146.2,1000,-9.4,6.25
"Katterjåkk","1990-01",82.3,1001.4,-11.2,4.96
"Katterjåkk","1990-02",97.1,985.5,-4.8,6.22
"Katterjåkk","1990-03",72.9,994.4,-6.2,5.87
"Katterjåkk","1990-04",29.6,1007,-1.5,6.25
"Katterjåkk","1990-05",71,1015.4,1.2,6.23
"Katterjåkk","1990-06",46.8,1012.7,8.6,4.87
"Katterjåkk","1990-07",44.8,1013.2,11.7,3.56
"Katterjåkk","1990-08",70.4,1011.4,10.6,3.64
"Katterjåkk","1990-09",22,1011.8,5.4,3.72
"Katterjåkk","1990-10",94.3,1005.8,1.1,4
"Katterjåkk","1990-11",84,1006.7,-6.4,4.08
"Katterjåkk","1990-12",88.5,999.4,-3.3,5.11
"Katterjåkk","1991-01",91.2,1005.4,-7.7,5.78
"Katterjåkk","1991-02",7.7,1019.8,-13.1,2.08
"Katterjåkk","1991-03",47,1013.1,-8.7,3.65
"Katterjåkk","1991-04",16.6,1012.1,-2.7,4
"Katterjåkk","1991-05",48.5,1012.9,0.9,3.65
"Katterjåkk","1991-06",32.6,1007.5,8.5,3.7
"Katterjåkk","1991-07",93.5,1012.6,10.4,3.35
"Katterjåkk","1991-08",59.1,1010.3,10.4,2.81
"Katterjåkk","1991-09",104.5,1004.8,2.7,3.48
"Katterjåkk","1991-10",81.4,1011.5,0,3.29
"Katterjåkk","1991-11",115.1,998.1,-4.9,2.84
"Katterjåkk","1991-12",124,1000.8,-3.8,6.25
"Katterjåkk","1992-01",160.6,1001.5,-5.8,6.81
"Katterjåkk","1992-02",80.2,1000.1,-6.2,4.21
"Katterjåkk","1992-03",59.2,1000.1,-5.5,3.6
"Katterjåkk","1992-04",23.7,1009.9,-5.4,3.91
"Katterjåkk","1992-05",67.6,1012.9,2.6,3.46
"Katterjåkk","1992-06",42.7,1015.8,8.6,3.6
"Katterjåkk","1992-07",144.4,1009.7,8.6,2.67
"Katterjåkk","1992-08",71.6,1006.5,8.1,2.43
"Katterjåkk","1992-09",20.3,1016.1,5.8,2.58
"Katterjåkk","1992-10",83.4,1010.5,-5.4,2.94
"Katterjåkk","1992-11",34.6,1004.3,-8.4,3.88
"Katterjåkk","1992-12",193.4,997.5,-4.4,5.4
"Katterjåkk","1993-01",75.1,988.2,-7,5.35
"Katterjåkk","1993-02",115.6,1004.9,-6.9,6.33
"Katterjåkk","1993-03",177.7,1006.4,-7.7,3.92
"Katterjåkk","1993-04",23.6,1014.1,-4.6,3.06
"Katterjåkk","1993-05",74.9,1018.8,1.5,3.37
"Katterjåkk","1993-06",26.2,1012.2,4.4,2.67
"Katterjåkk","1993-07",40.4,1008.5,11.7,3.45
"Katterjåkk","1993-08",39.6,1012.5,9.1,2.79
"Katterjåkk","1993-09",36.5,1016.1,3,2.03
"Katterjåkk","1993-10",116.1,1010.3,-2.9,4.02
"Katterjåkk","1993-11",27.5,1025,-4.7,2.42
"Katterjåkk","1993-12",34.1,995.3,-11.7,2.65
"Katterjåkk","1994-01",64.1,997.9,-13.8,2.79
"Katterjåkk","1994-02",46.1,1019.9,-10.5,3.47
"Katterjåkk","1994-03",48.8,995.3,-7.9,2.98
"Katterjåkk","1994-04",37.5,1007.8,-1.1,3.41
"Katterjåkk","1994-05",35.9,1015.3,0.8,3.16
"Katterjåkk","1994-06",50.3,1003.6,6.1,3.56
"Katterjåkk","1994-07",89.1,1017.5,10.4,3.3
"Katterjåkk","1994-08",68,1011.8,9.7,3.11
"Katterjåkk","1994-09",57.1,1009,4.1,3.33
"Katterjåkk","1994-10",105.7,1003.9,-1.1,5.19
"Katterjåkk","1994-11",87.5,1005.4,-5.2,4.08
"Katterjåkk","1994-12",74.5,997.1,-4.9,4.75
"Katterjåkk","1995-01",38.3,999.1,-7.8,5.07
"Katterjåkk","1995-02",42.4,984.9,-9.6,3.67
"Katterjåkk","1995-03",42.1,998.9,-6.1,4.75
"Katterjåkk","1995-04",26.3,1010.3,-4.9,4.08
"Katterjåkk","1995-05",33.8,1016.3,0,3.43
"Katterjåkk","1995-06",55.6,1013.4,6.5,3.72
"Katterjåkk","1995-07",100.2,1009.8,8.9,4.11
"Katterjåkk","1995-08",198.6,1009.8,7.6,4.12
"Katterjåkk","1995-09",42,1011.1,4.9,3.14
"Katterjåkk","1995-10",161.4,1004.5,-1,3.53
"Katterjåkk","1995-11",108.8,1009.9,-6.5,4.61
"Katterjåkk","1995-12",38.1,1013.2,-10.6,3.73
"Katterjåkk","1996-01",46.3,1021.2,-7.2,3.57
"Katterjåkk","1996-02",31.7,1010.1,-13.2,2.92
"Katterjåkk","1996-03",23.4,1022.2,-7,3.62
"Katterjåkk","1996-04",63.5,1015.2,-4.1,3.25
"Katterjåkk","1996-05",14,1017.9,-0.7,3.02
"Katterjåkk","1996-06",82.5,1012.3,6,3.12
"Katterjåkk","1996-07",36.5,1008.6,10.5,2.38
"Katterjåkk","1996-08",85.5,1016.9,11.8,2.43
"Katterjåkk","1996-09",66.5,1017,4.4,3.44
"Katterjåkk","1996-10",82.3,1004.5,0.3,3.85
"Katterjåkk","1996-11",39.6,1000.1,-6.6,3.14
"Katterjåkk","1996-12",45.7,1010.1,-9.3,3.03
"Katterjåkk","1997-02",63,994.9,-10.5,3.14
"Katterjåkk","1997-03",59.1,1003,-7.5,5.24
"Katterjåkk","1997-04",49.2,1004.7,-6.4,4.52
"Katterjåkk","1997-05",34.5,1014,1.1,2.47
"Katterjåkk","1997-06",9.8,1014.5,7.7,2.95
"Katterjåkk","1997-07",43.4,1018.2,12.8,2.44
"Katterjåkk","1997-08",78.9,1016.6,10.8,2.62
"Katterjåkk","1997-09",122.3,1004.5,6.3,3.68
"Katterjåkk","1997-10",110.1,1004,-1.8,3.78
"Katterjåkk","1997-11",44,1015,-7.5,2.73
"Katterjåkk","1997-12",92.9,1010.1,-6.5,3.08
"Katterjåkk","1998-01",90.1,1005.2,-9.1,2.68
"Katterjåkk","1998-02",118.1,995.9,-13.1,3.62
"Katterjåkk","1998-03",42.1,1007.5,-9.4,3.26
"Katterjåkk","1998-04",13.7,1013.7,-4.9,2.64
"Katterjåkk","1998-05",52.8,1014,1,3.37
"Katterjåkk","1998-06",41.4,1012.9,7.2,2.96
"Katterjåkk","1998-07",37.6,1005.6,12.8,3.03
"Katterjåkk","1998-08",86.3,1008.7,9.5,2.56
"Katterjåkk","1998-09",69.5,1014.2,4.5,3.21
"Katterjåkk","1998-10",94.8,1001.9,-0.8,3.86
"Katterjåkk","1998-11",38.5,1014.8,-9.5,2.42
"Katterjåkk","1998-12",74.4,1001.4,-8.9,3
"Katterjåkk","1999-01",34.6,1003.3,-13.1,2.7
"Katterjåkk","1999-02",30.9,996.1,-11.7,3.04
"Katterjåkk","1999-03",18.2,1009.7,-8.2,2.59
"Katterjåkk","1999-04",53.5,1008.7,-2,4.61
"Katterjåkk","1999-05",31.4,1016.8,0.9,3.08
"Katterjåkk","1999-06",87,1013.6,9.4,3.32
"Katterjåkk","1999-07",173.7,1008.6,9.5,3.47
"Katterjåkk","1999-08",115,1011.5,7,3.07
"Katterjåkk","1999-09",112.4,1011.4,7.1,2.45
"Katterjåkk","1999-10",96.3,1007.7,1.1,2.69
"Katterjåkk","1999-11",168.4,1003.4,-1.1,3.65
"Katterjåkk","1999-12",34.8,994.2,-9.3,2.55
"Katterjåkk","2000-01",128.9,994.3,-6.6,5.26
"Katterjåkk","2000-02",96.9,994.9,-9.4,3.11
"Katterjåkk","2000-03",109,1000.2,-6.4,5.86
"Katterjåkk","2000-04",43,1010.8,-4.1,3.15
"Katterjåkk","2000-05",85.5,1011,2.5,3.23
"Katterjåkk","2000-06",82.6,1009.4,6,2.88
"Katterjåkk","2000-07",34.6,1011.3,11.5,2.49
"Katterjåkk","2000-08",76.8,1010.2,9.2,2.46
"Katterjåkk","2000-09",85.6,1013.2,5.7,2.33
"Katterjåkk","2000-10",37.1,1012.1,3.1,3.44
"Katterjåkk","2000-11",7.8,1010.6,-4.1,2.22
"Katterjåkk","2000-12",42.4,1005.4,-8,2.31
"Katterjåkk","2001-01",50.2,1011,-7.8,2.84
"Katterjåkk","2001-02",64.9,1011.4,-12.9,3.33
"Katterjåkk","2001-03",14.4,1009.2,-12.3,1.85
"Katterjåkk","2001-04",42.5,1008.6,-4,3.02
"Katterjåkk","2001-05",75.7,1012.2,2.1,4.07
"Katterjåkk","2001-06",42.2,1010.4,9.5,2.52
"Katterjåkk","2001-07",120.9,1009.8,10,3.11
"Katterjåkk","2001-08",114.6,1010.1,9.9,2.8
"Katterjåkk","2001-09",39.9,1013,7.2,2.63
"Katterjåkk","2001-10",97.1,1007.8,0.2,1.52
"Katterjåkk","2001-11",108.7,998.2,-4.1,3.63
"Katterjåkk","2001-12",46.4,1014.6,-8.3,3.4
"Katterjåkk","2002-01",292,1001.6,-9.3,3.57
"Katterjåkk","2002-02",74.9,987.8,-9.5,3.25
"Katterjåkk","2002-03",41.3,1004.1,-7.7,3.32
"Katterjåkk","2002-04",43.8,1017.2,-1,2.65
"Katterjåkk","2002-05",37.4,1015.9,4.8,3.26
"Katterjåkk","2002-06",38.7,1011.1,11.5,2.75
"Katterjåkk","2002-07",96.6,1011.4,12,2.96
"Katterjåkk","2002-08",37.8,1016.4,12,2.19
"Katterjåkk","2002-09",137.9,1013.5,4.5,2.75
"Katterjåkk","2002-10",19.1,1015.1,-4,2.62
"Katterjåkk","2002-11",5.8,1017.8,-8.6,1.77
"Katterjåkk","2002-12",42.5,1021.8,-11,3.06
"Katterjåkk","2003-01",76.8,1000.4,-15.3,2.56
"Katterjåkk","2003-02",77.3,1014.7,-6.3,3.97
"Katterjåkk","2003-03",183.7,1008.7,-4.6,4.84
"Katterjåkk","2003-04",20.8,1020.8,-2.5,3.22
"Katterjåkk","2003-05",46.8,1010.1,2.9,3.1
"Katterjåkk","2003-06",79.5,1013.1,8.1,2.8
"Katterjåkk","2003-07",72.9,1014,14.3,2.47
"Katterjåkk","2003-08",88.3,1013.2,10.6,2.45
"Katterjåkk","2003-09",229.3,1008.1,4.7,3.43
"Katterjåkk","2003-10",99.8,1005.8,-1.6,3.48
"Katterjåkk","2003-11",26.4,1012.8,-3.3,1.97
"Katterjåkk","2003-12",160.2,996.3,-7.7,4.07
"Katterjåkk","2004-01",16.8,1004.8,-14.1,1.07
"Katterjåkk","2004-02",106,1002.6,-8.3,4.23
"Katterjåkk","2004-03",21.5,1015.5,-5.7,3.48
"Katterjåkk","2004-04",25,1014.2,-1.2,2.47
"Katterjåkk","2004-05",26.1,1012.6,2.8,2.57
"Katterjåkk","2004-06",69.3,1009.6,6.8,3.11
"Katterjåkk","2004-07",125,1011.2,12.7,2.65
"Katterjåkk","2004-08",56.7,1012.7,10.5,2.6
"Katterjåkk","2004-09",147.7,1003.9,5.4,3.75
"Katterjåkk","2004-10",55.1,1010.1,-0.4,2.41
"Katterjåkk","2004-11",101.3,1001.8,-4.8,3.69
"Katterjåkk","2004-12",67.3,992.4,-4.7,4.45
"Katterjåkk","2005-01",97.7,993.8,-7.7,2.94
"Katterjåkk","2005-02",29.8,1013.9,-9.1,3.36
"Katterjåkk","2005-03",80,1013.4,-8.7,2.49
"Katterjåkk","2005-04",24.2,1012,-0.7,3.39
"Katterjåkk","2005-05",54.4,1009.2,1.2,3.71
"Katterjåkk","2005-06",68.3,1012.8,7.7,2.9
"Katterjåkk","2005-07",75.6,1012.5,13.2,2.98
"Katterjåkk","2005-08",141,1009,10,2.98
"Katterjåkk","2005-09",144.1,1004.1,4.7,3.56
"Katterjåkk","2005-10",131.1,1011.4,1.7,2.88
"Katterjåkk","2005-11",90.7,1002.4,-3.3,2.43
"Katterjåkk","2005-12",64,1012.2,-9.2,1.85
"Katterjåkk","2006-01",88.6,1016,-6.4,4.5
"Katterjåkk","2006-02",80.5,1011.1,-9.8,3.31
"Katterjåkk","2006-03",54.9,1013.9,-11.5,3.06
"Katterjåkk","2006-04",15.3,1008.2,-1.7,2.81
"Katterjåkk","2006-05",33.6,1013.9,3.9,2.96
"Katterjåkk","2006-06",86.6,1012.7,7.5,3.04
"Katterjåkk","2006-07",117.8,1015.5,10.5,3.08
"Katterjåkk","2006-08",17.6,1012.7,12.5,1.86
"Katterjåkk","2006-09",152.9,1009.4,5.9,2.88
"Katterjåkk","2006-10",97.4,1010.6,-2.2,2.74
"Katterjåkk","2006-11",46.3,999.1,-4.1,2.78
"Katterjåkk","2006-12",128.3,995.9,-3.9,5.07
"Katterjåkk","2007-01",68.6,990.1,-9.9,2.76
"Katterjåkk","2007-02",51,1012.6,-15,2.59
"Katterjåkk","2007-03",51.8,1006.8,-4.1,3.43
"Katterjåkk","2007-04",96.3,1007,-1.9,4.72
"Katterjåkk","2007-05",73,1006.4,2.4,3.28
"Katterjåkk","2007-06",48.5,1013.6,8.8,3.2
"Katterjåkk","2007-07",66,1007,12.5,3
"Katterjåkk","2007-08",113.7,1009.2,9.6,2.53
"Katterjåkk","2007-09",93.6,1005.7,4.1,2.69
"Katterjåkk","2007-10",96,1011.4,2.2,3.08
"Katterjåkk","2007-11",77.7,1003.4,-4.9,3.07
"Katterjåkk","2007-12",160.2,1004.6,-3.7,4.24
"Katterjåkk","2008-01",26.6,1005.3,-7.8,2.95
"Katterjåkk","2008-02",86.1,1003.2,-7.2,4
"Katterjåkk","2008-03",11.5,999.2,-9.8,2.14
"Katterjåkk","2008-04",28.4,1014.7,-3.2,3.95
"Katterjåkk","2008-05",76.8,1020.3,1.8,3.56
"Katterjåkk","2008-06",60.1,1009.3,8.4,3.24
"Katterjåkk","2008-07",57.8,1013.4,11.6,2.44
"Katterjåkk","2008-08",33.5,1009.5,8.6,2.43
"Katterjåkk","2008-09",115,1016,4.7,2.8
"Katterjåkk","2008-10",58.3,996.9,0.2,3.13
"Katterjåkk","2008-11",81.3,999.9,-5.6,3.44
"Katterjåkk","2008-12",63.3,1010.2,-6.5,4.31
"Katterjåkk","2009-01",73,1005.2,-9.1,3.68
"Katterjåkk","2009-02",45,1008.3,-13.1,3.31
"Katterjåkk","2009-03",36.3,1007.3,-9.1,2.72
"Katterjåkk","2009-04",74.5,1015.2,-2.7,3.18
"Katterjåkk","2009-05",71.3,1013.8,4.7,3.61
"Katterjåkk","2009-06",38.8,1017.5,7.6,3.05
"Katterjåkk","2009-07",61.4,1010.9,11.5,3.28
"Katterjåkk","2009-08",68,1011.2,11.7,2.63
"Katterjåkk","2009-09",161.3,1002.3,5.8,4
"Katterjåkk","2009-10",73.5,1012.9,-2.2,3.05
"Katterjåkk","2009-11",20,1004.2,-4.7,2.28
"Katterjåkk","2009-12",22.6,1013.8,-10.6,3.24
"Katterjåkk","2010-01",43,1017.9,-11.4,3.54
"Katterjåkk","2010-02",58.8,1010.6,-15.2,2.98
"Katterjåkk","2010-03",63.5,1006.1,-9.4,4.01
"Katterjåkk","2010-04",41.9,1013,-2.8,3.35
"Katterjåkk","2010-05",41.2,1015.1,2.5,3.38
"Katterjåkk","2010-06",101.7,1011.9,5.2,3.48
"Katterjåkk","2010-07",112.4,1012.4,10.7,2.9
"Katterjåkk","2010-08",46.3,1012,8.8,2.73
"Katterjåkk","2010-09",38.6,1014.2,5.8,2.91
"Katterjåkk","2010-10",120.6,1005.1,0.3,3.78
"Katterjåkk","2010-11",26.6,1010.5,-7.6,2.93
"Katterjåkk","2010-12",38,1011.9,-11.3,3.29
"Katterjåkk","2011-01",90.5,1004.7,-11,2.89
"Katterjåkk","2011-02",52.5,1012.7,-15.1,2.52
"Katterjåkk","2011-03",101.5,1003,-6.2,5.71
"Katterjåkk","2011-04",55.7,1009.6,0,4.03
"Katterjåkk","2011-05",52.2,1013.6,2.7,2.75
"Katterjåkk","2011-06",63.6,1011.8,10.2,3.26
"Katterjåkk","2011-07",73.1,1013,11.8,2.76
"Katterjåkk","2011-08",56.1,1012.3,10.4,2.94
"Katterjåkk","2011-09",46.1,1005.7,7.6,3.23
"Katterjåkk","2011-10",112.3,1003.5,1.7,2.82
"Katterjåkk","2011-11",184.3,1007.6,0.4,3.58
"Katterjåkk","2011-12",41.9,988.9,-5.1,4.36
"Katterjåkk","2012-01",16.6,1011.7,-11.3,3.14
"Katterjåkk","2012-02",60.8,1010.5,-11.8,2.75
"Katterjåkk","2012-03",121.2,1007.8,-4.8,4.34
"Katterjåkk","2012-04",49.5,1006.5,-4.7,3.35
"Katterjåkk","2012-05",74.5,1012.4,1,4.79
"Katterjåkk","2012-06",42.6,1011.3,6.3,2.93
"Katterjåkk","2012-07",140,1008.4,9.6,3.04
"Katterjåkk","2012-08",45.5,1013.4,9.6,2.8
"Katterjåkk","2012-09",93.2,1002.4,4.3,2.6
"Katterjåkk","2012-10",98.1,1007.2,-1.2,3
"Katterjåkk","2012-11",37.8,1004,-4.5,3.39
"Katterjåkk","2012-12",8,1014.9,-13.1,2.56
"Katterjåkk","2013-01",84.3,1008,-7.7,3.3
"Katterjåkk","2013-02",100.6,1014.6,-8.9,3.08
"Katterjåkk","2013-03",53.1,1015.8,-10.4,3.83
"Katterjåkk","2013-04",29.3,1006.4,-3.1,4.03
"Katterjåkk","2013-05",22.3,1014,5.3,3.29
"Katterjåkk","2013-06",70.8,1013.8,10.4,2.73
"Katterjåkk","2013-07",120.9,1012.8,10.9,3.26
"Katterjåkk","2013-08",80.8,1011.9,10.6,3.13
"Katterjåkk","2013-09",44.2,1014.5,7.3,3.12
"Katterjåkk","2013-10",120.2,1005.3,-0.4,3.34
"Katterjåkk","2013-11",116.1,996.2,-5.2,4.17
"Katterjåkk","2013-12",120.2,995.9,-6.5,3.6
"Katterjåkk","2014-01",0.6,1017.6,-15.7,2.27
"Katterjåkk","2014-02",25,1000.1,-6.3,2.72
"Katterjåkk","2014-03",84.4,1003.3,-5.3,5.07
"Katterjåkk","2014-04",92,1010.8,-2.2,4.82
"Katterjåkk","2014-05",29.2,1017.7,1.3,3.05
"Katterjåkk","2014-06",60.1,1016,7.3,2.95
"Katterjåkk","2014-08",72,1009.1,10.8,2.62
"Katterjåkk","2014-09",127.9,1013.9,5.7,3.53
"Katterjåkk","2014-10",48.5,1013.1,-0.2,2.61
"Katterjåkk","2014-11",41.6,1017.5,-5.1,1.98
"Katterjåkk","2014-12",105.6,996.5,-7.6,3.57
"Katterjåkk","2015-01",30.8,998.9,-12.5,3.32
"Katterjåkk","2015-02",109.4,998.6,-7.4,5.19
"Katterjåkk","2015-03",83.1,1007.9,-3.7,4.36
"Katterjåkk","2015-04",85.9,1006.6,-1.8,4.21
"Katterjåkk","2015-05",55.2,1007.8,2,2.76
"Katterjåkk","2015-06",103.4,1008.1,5.2,3.99
"Katterjåkk","2015-07",76,1008.6,10.1,2.96
"Katterjåkk","2015-08",46.7,1016.4,11.9,2.83
"Katterjåkk","2015-09",72.9,1015.1,7.4,2.99
"Katterjåkk","2015-10",125.3,1014.7,0.8,3.5
"Katterjåkk","2015-11",83.3,996.8,-3.5,2.65
"Katterjåkk","2015-12",112.4,998.5,-4.8,3.92
"Katterjåkk","2016-01",35.9,1008.5,-13.3,2.95
"Katterjåkk","2016-02",30.9,997.4,-7.8,2.89
"Katterjåkk","2016-03",58.8,1008.8,-5.7,3.64
"Katterjåkk","2016-04",13.9,1010.5,-2.1,3.01
"Katterjåkk","2016-05",25.6,1016.7,4.7,3.37
"Katterjåkk","2016-06",86.7,1014.4,6.9,3.22
"Katterjåkk","2016-07",98.3,1009.1,12,2.89
"Katterjåkk","2016-08",57.9,1011.1,8.9,2.7
"Katterjåkk","2016-09",106.3,1011.6,7.1,2.61
"Katterjåkk","2016-10",22,1027.9,-0.3,2.44
"Katterjåkk","2016-11",36.6,1010.5,-5.7,2.84
"Katterjåkk","2016-12",170.6,1002.2,-2.8,4.86
"Katterjåkk","2017-01",195.1,1003.2,-6.5,4.6
"Katterjåkk","2017-02",76.1,1011.6,-9.4,3.31
"Katterjåkk","2017-03",72.5,1002,-6.6,4.54
"Katterjåkk","2017-04",47,1009.6,-5.1,3.21
"Katterjåkk","2017-05",53.6,1018.7,-0.3,3.63
"Katterjåkk","2017-06",26.7,1009,6.8,2.57
"Katterjåkk","2017-07",81.4,1009.6,10.6,2.78
"Katterjåkk","2017-08",108.3,1008.3,9,3.19
"Katterjåkk","2017-09",7.7,1018.9,5.6,2.89
"Katterjåkk","2017-10",55.8,1007.4,-0.2,2.82
"Katterjåkk","2017-11",73.1,1000.6,-5.6,3.32
"Katterjåkk","2017-12",71.8,995.8,-8.3,3.48
"Katterjåkk","2018-01",28.2,1007.7,-13,1.93
"Katterjåkk","2018-02",2.6,1023.1,-16.2,1.48
"Katterjåkk","2018-03",63.5,1011,-10.8,2.94
"Katterjåkk","2018-04",28.7,1010.9,-2,2.42
"Katterjåkk","2018-05",49.4,1020.3,4.9,3.69
"Katterjåkk","2018-06",169.2,1009.8,5.2,4.32
"Katterjåkk","2018-07",44.4,1017.2,14.2,2.57
"Katterjåkk","2018-08",138.5,1006.1,10.1,3.2
"Katterjåkk","2018-09",88.2,1003.6,6,3.29
"Katterjåkk","2018-10",83.1,1006.1,-0.5,3.01
"Katterjåkk","2018-11",90.5,1016.1,-0.5,3.08
"Katterjåkk","2018-12",71.2,1007.5,-5.5,3.01
"Katterjåkk","2019-01",94.8,1002.4,-10.6,3.58
"Katterjåkk","2019-02",140.9,1005,-9.8,3.93
"Katterjåkk","2019-03",99.5,998.1,-7.8,4.95
"Katterjåkk","2019-04",33.4,1025.1,-1.284,2.8
"Katterjåkk","2019-05",35.6,1012.1,1.916,3.74
"Katterjåkk","2019-06",118.4,1013.4,7.916,3.34
"Katterjåkk","2019-07",29.8,1013.7,12.116,2.81
"Katterjåkk","2019-08",70.7,1009.8,11.316,2.43
"Katterjåkk","2019-09",70.1,1008.7,5.316,3.19
"Katterjåkk","2019-10",63.5,1009.1,-2.684,2.92
"Katterjåkk","2019-11",36.1,1012.2,-7.284,2.94
"Katterjåkk","2019-12",145.8,995.8,-5.684,3.51
"Katterjåkk","2020-01",132,993.5,-5.984,4.5
"Katterjåkk","2020-02",82,986.3,-6.684,4.87
"Katterjåkk","2020-03",106.8,1002.9,-5.384,5.81
"Katterjåkk","2020-04",50.4,1009.3,-3.684,4.57
"Katterjåkk","2020-05",41.5,1012.6,-0.184,3.88
"Katterjåkk","2020-06",26.5,1017.6,8.216,3.07
"Katterjåkk","2020-07",81.1,1007.4,10.516,2.91
"Katterjåkk","2020-08",115.6,1010.3,9.916,2.91
"Katterjåkk","2020-09",128.7,1006.2,6.116,3.49
"Katterjåkk","2020-10",54.7,1011.2,0.316,3.07
"Katterjåkk","2020-11",92.6,1003.1,-1.184,4.33
"Katterjåkk","2020-12",13.1,1009.7,-5.884,2.58
"Katterjåkk","2021-01",5.9,1012.3,-10.984,3.58
"Katterjåkk","2021-02",89.7,1017.8,-9.184,3.26
"Katterjåkk","2021-03",112,1003.6,-5.684,4
"Katterjåkk","2021-04",67.2,1010.1,-2.784,4.25
"Katterjåkk","2021-05",25.1,1013.2,0.816,3.42
"Katterjåkk","2021-06",85,1014.7,8.616,3.24
"Katterjåkk","2021-07",179.2,1010.9,12.416,3.41
"Katterjåkk","2021-08",64.6,1013,9.416,3.02
"Katterjåkk","2021-09",91.4,1014.6,4.916,2.96
"Katterjåkk","2021-10",99.3,1005.2,0.616,3.66
"Katterjåkk","2021-11",64.6,1003,-5.584,2.34
"Katterjåkk","2021-12",61.9,1009,-11.184,2.9
"Katterjåkk","2022-01",176.6,998.4,-8.484,4.67
"Katterjåkk","2022-02",45.4,993.5,-10.684,4.09
"Katterjåkk","2022-03",149.7,1016.8,-4.184,4.15
"Katterjåkk","2022-04",58.2,1012.7,-2.884,4.49
"Katterjåkk","2022-05",70,1008.9,2.316,3.45
"Katterjåkk","2022-06",38.9,1011.9,8.916,3.03
"Katterjåkk","2022-07",146.5,1010.4,11.416,2.81
"Katterjåkk","2022-08",130.8,1013.7,10.516,3.19
"Katterjåkk","2022-09",28.5,1015.2,5.716,2.72
"Katterjåkk","2022-10",133.2,1003.6,1.116,3.4
"Katterjåkk","2022-11",41.8,1016.2,-4.884,2.06
